loan_id,product_type,region,origination_date,as_of_date,orig_balance,current_balance,coupon_rate,orig_term_m,remaining_term_m,monthly_payment,fico,ltv,status
L100000,Consumer_Unsec,FR,2021-05-08,2025-01-31,16810.49,1052.42,0.13369,48,3,454.06,629,0.556,Current
L100001,Mortgage,FR,2024-01-12,2025-01-31,219317.85,190914.47,0.04913,240,228,1436.94,744,0.777,Current
L100002,SME,NL,2023-07-26,2025-01-31,62293.08,28325.71,0.10653,36,18,2029.19,618,0.74,Current
L100003,Consumer_Unsec,ES,2022-09-20,2025-01-31,27336.33,14547.69,0.12465,60,32,614.53,673,0.79,Current
L100004,Mortgage,UK,2022-09-12,2025-01-31,175865.25,141580.9,0.04969,180,151,1387.88,655,0.805,Current
L100005,Mortgage,UK,2024-05-12,2025-01-31,65753.47,64104.92,0.04318,180,172,496.91,700,0.617,Current
L100006,Consumer_Unsec,FR,2021-05-03,2025-01-31,49860.35,12971.13,0.04456,60,15,928.56,652,0.506,Current
L100007,SME,DE,2023-09-25,2025-01-31,77188.32,53700.23,0.08288,48,32,1894.85,674,0.636,Current
L100008,Consumer_Unsec,UK,2021-10-16,2025-01-31,20606.46,3310.22,0.18276,48,8,608.3,676,0.807,Current
L100009,Mortgage,DE,2021-05-15,2025-01-31,148260.07,113191.36,0.02818,240,195,808.82,646,0.635,Current
L100010,Auto,ES,2023-01-23,2025-01-31,52425.92,31181.64,0.08725,60,36,1081.3,719,0.617,Current
L100011,Auto,NL,2024-10-27,2025-01-31,26329.3,23995.91,0.11671,36,33,870.37,704,0.481,Current
L100012,Consumer_Unsec,FR,2023-11-19,2025-01-31,7782.66,4724.45,0.11838,36,22,257.89,685,0.91,Current
L100013,Mortgage,DE,2023-12-25,2025-01-31,252413.62,226390.37,0.04502,240,227,1597.19,664,0.799,Current
L100014,Consumer_Unsec,UK,2023-10-23,2025-01-31,35792.97,18990.97,0.09936,36,21,1153.86,738,0.792,Current
L100015,Consumer_Unsec,FR,2024-01-30,2025-01-31,24105.67,16840.84,0.20195,48,36,736.06,676,0.816,Current
L100016,Consumer_Unsec,UK,2023-01-04,2025-01-31,14309.13,4036.28,0.14208,36,11,490.5,672,0.769,90dpd
L100017,SME,FR,2021-07-03,2025-01-31,84755.58,2162.64,0.09617,36,1,2719.59,696,0.671,Current
L100018,Consumer_Unsec,ES,2024-04-15,2025-01-31,12022.16,10148.4,0.1924,48,39,360.99,792,0.68,Current
L100019,Mortgage,UK,2022-10-07,2025-01-31,114682.88,95406.48,0.05161,360,332,627.01,610,0.649,Current
L100020,Auto,UK,2022-12-17,2025-01-31,28484.62,8619.02,0.06749,36,11,876.25,736,0.97,Current
L100021,Consumer_Unsec,UK,2022-06-15,2025-01-31,42794.57,4955.24,0.12235,36,4,1426.19,576,0.767,Current
L100022,Consumer_Unsec,IT,2021-09-19,2025-01-31,22038.89,6658.0,0.16232,60,19,538.67,703,0.644,Current
L100023,Consumer_Unsec,FR,2024-08-18,2025-01-31,21029.33,18873.32,0.12316,60,55,471.15,785,0.756,Current
L100024,Auto,UK,2024-01-23,2025-01-31,126132.03,101346.33,0.04266,60,48,2338.06,719,0.579,Current
L100025,SME,IT,2023-07-10,2025-01-31,97974.9,56089.99,0.09367,48,29,2455.21,700,0.881,Current
L100026,Consumer_Unsec,DE,2022-07-30,2025-01-31,32417.28,11811.82,0.09319,48,18,811.63,656,0.621,Current
L100027,SME,DE,2024-03-22,2025-01-31,65859.36,53315.19,0.13541,48,38,1784.57,692,0.76,60dpd
L100028,Consumer_Unsec,IT,2023-02-19,2025-01-31,19379.97,7080.93,0.15119,36,13,672.94,675,0.828,90dpd
L100029,SME,UK,2022-09-27,2025-01-31,24247.98,10318.2,0.07237,48,20,583.32,643,0.746,Current
L100030,Mortgage,UK,2022-10-07,2025-01-31,343763.85,326671.31,0.03801,300,272,1777.02,673,0.711,Current
L100031,SME,FR,2021-11-21,2025-01-31,103278.3,20559.89,0.04777,48,10,2367.98,702,0.701,Current
L100032,Auto,UK,2021-05-12,2025-01-31,39005.66,2467.26,0.06301,48,3,921.44,644,0.693,Current
L100033,SME,ES,2023-03-05,2025-01-31,74842.23,38606.81,0.12041,48,25,1972.38,642,0.631,Current
L100034,Consumer_Unsec,UK,2024-06-23,2025-01-31,40331.15,34449.2,0.22311,48,41,1277.5,608,0.646,Current
L100035,Consumer_Unsec,UK,2021-04-02,2025-01-31,11440.44,2698.75,0.17042,60,14,284.59,713,0.878,60dpd
L100036,Consumer_Unsec,UK,2024-05-12,2025-01-31,19449.28,17066.06,0.14178,60,52,454.35,723,0.687,Current
L100037,Auto,DE,2024-03-29,2025-01-31,23041.15,18840.34,0.07636,48,38,558.57,704,0.606,Current
L100038,SME,UK,2022-01-31,2025-01-31,213831.24,81461.0,0.07109,60,24,4245.1,748,0.638,Current
L100039,Auto,UK,2023-06-23,2025-01-31,69676.21,32837.58,0.1262,36,17,2334.92,695,0.832,Current
L100040,Mortgage,NL,2021-08-25,2025-01-31,60079.35,43705.74,0.04311,180,139,453.83,714,0.781,Current
L100041,Consumer_Unsec,UK,2023-12-21,2025-01-31,11701.02,9066.67,0.21905,60,47,322.54,708,0.767,Current
L100042,SME,DE,2023-09-29,2025-01-31,75043.41,42219.27,0.12984,36,20,2527.92,685,0.669,Current
L100043,Consumer_Unsec,UK,2022-05-22,2025-01-31,20747.02,7044.65,0.08407,48,16,510.47,658,0.769,Current
L100044,Consumer_Unsec,DE,2021-04-08,2025-01-31,12985.52,521.05,0.12169,48,2,343.04,820,0.623,Current
L100045,SME,UK,2024-10-20,2025-01-31,235209.42,210500.44,0.07827,36,33,7351.89,663,0.669,Current
L100046,Mortgage,FR,2022-09-30,2025-01-31,239617.72,192242.34,0.0442,180,152,1823.3,650,0.816,Current
L100047,Auto,UK,2024-07-01,2025-01-31,55890.66,44176.41,0.08379,48,41,1374.43,716,0.805,Current
L100048,Consumer_Unsec,IT,2023-08-28,2025-01-31,18386.86,12374.46,0.24987,60,43,539.54,705,0.582,Current
L100049,Auto,IT,2024-01-19,2025-01-31,64039.44,49798.06,0.06346,48,36,1514.13,606,0.597,Current
L100050,Consumer_Unsec,UK,2023-12-23,2025-01-31,21823.92,15059.46,0.15301,48,35,610.72,757,0.713,Current
L100051,Mortgage,UK,2021-10-06,2025-01-31,172657.35,140495.07,0.05117,180,140,1375.87,684,0.907,Current
L100052,SME,UK,2022-06-05,2025-01-31,112945.8,49346.41,0.09496,60,28,2371.86,623,0.47,Current
L100053,Consumer_Unsec,FR,2022-10-30,2025-01-31,10982.42,2768.83,0.14886,36,9,380.09,761,0.733,Current
L100054,Consumer_Unsec,UK,2022-12-13,2025-01-31,64754.94,29266.37,0.10843,48,22,1668.7,728,0.535,Current
L100055,Consumer_Unsec,NL,2021-03-04,2025-01-31,29741.96,6473.29,0.14873,60,13,705.57,614,0.624,Current
L100056,Mortgage,ES,2023-02-21,2025-01-31,408163.2,367790.47,0.05011,240,217,2696.27,797,0.656,Current
L100057,Auto,NL,2021-08-09,2025-01-31,23825.76,665.81,0.09155,36,1,759.37,730,0.65,Current
L100058,SME,FR,2023-11-30,2025-01-31,48575.34,30748.6,0.10926,36,22,1588.58,689,0.636,60dpd
L100059,Auto,IT,2023-09-04,2025-01-31,22719.04,11804.99,0.11325,36,19,747.3,785,0.701,Current
L100060,Auto,UK,2024-08-12,2025-01-31,49398.11,40277.6,0.10374,48,43,1261.75,700,0.636,Current
L100061,Consumer_Unsec,DE,2023-12-02,2025-01-31,27897.46,20118.11,0.1475,60,46,660.02,688,0.525,Current
L100062,Mortgage,UK,2022-06-09,2025-01-31,156291.22,136296.64,0.03328,240,208,892.69,650,0.794,Current
L100063,Consumer_Unsec,IT,2024-10-15,2025-01-31,15402.14,14065.68,0.124,48,45,408.63,725,0.79,Current
L100064,Auto,FR,2022-08-11,2025-01-31,21447.76,10533.88,0.08061,60,30,435.51,719,0.801,Current
L100065,Auto,NL,2022-04-11,2025-01-31,41912.42,2303.99,0.09005,36,2,1332.9,691,0.515,Current
L100066,Auto,UK,2024-07-18,2025-01-31,33320.59,26584.12,0.07543,36,30,1037.14,643,0.736,Current
L100067,Mortgage,IT,2022-06-14,2025-01-31,138388.35,121865.67,0.03564,240,208,807.17,698,0.781,Current
L100068,Consumer_Unsec,DE,2021-04-20,2025-01-31,63000.58,14825.53,0.10341,60,14,1349.18,686,0.576,Current
L100069,Auto,DE,2022-11-03,2025-01-31,41139.52,18127.14,0.05198,48,21,951.1,610,0.701,Current
L100070,Consumer_Unsec,IT,2024-02-12,2025-01-31,54096.44,44501.11,0.13678,60,49,1249.71,602,0.686,30dpd
L100071,Auto,DE,2021-09-28,2025-01-31,32103.33,11060.17,0.05561,60,20,614.11,724,0.921,Current
L100072,Consumer_Unsec,DE,2022-10-25,2025-01-31,30780.2,16748.12,0.10998,60,33,669.21,534,0.931,Current
L100073,Consumer_Unsec,FR,2021-07-05,2025-01-31,26094.72,7726.66,0.13121,60,17,595.36,702,0.5,Current
L100074,Consumer_Unsec,UK,2023-09-09,2025-01-31,10575.63,6956.79,0.09824,60,43,223.79,661,0.97,Current
L100075,Consumer_Unsec,UK,2022-11-12,2025-01-31,59017.31,32290.53,0.15829,60,33,1429.83,768,0.59,Current
L100076,Consumer_Unsec,UK,2022-04-18,2025-01-31,24975.87,11323.87,0.17091,60,27,621.93,660,0.818,Current
L100077,Auto,UK,2021-11-21,2025-01-31,64895.5,23118.84,0.07401,60,22,1297.33,730,0.816,Current
L100078,Auto,NL,2023-03-19,2025-01-31,28463.79,17003.69,0.07626,60,38,572.06,666,0.581,Current
L100079,Consumer_Unsec,FR,2023-08-16,2025-01-31,24571.33,17301.39,0.16381,60,43,602.51,697,0.759,Current
L100080,Consumer_Unsec,DE,2024-09-06,2025-01-31,16701.12,14616.03,0.12001,48,44,439.81,734,0.687,Current
L100081,Consumer_Unsec,DE,2022-09-18,2025-01-31,53092.94,29346.06,0.1176,60,32,1174.61,662,0.767,30dpd
L100082,Auto,DE,2021-08-18,2025-01-31,51086.67,6089.01,0.10893,48,6,1317.71,750,0.728,Current
L100083,Consumer_Unsec,FR,2024-04-05,2025-01-31,32921.44,25414.15,0.17595,60,50,828.75,630,0.844,Current
L100084,Consumer_Unsec,IT,2023-06-20,2025-01-31,56783.51,33842.14,0.16605,48,29,1626.92,708,0.709,Current
L100085,Consumer_Unsec,IT,2023-09-29,2025-01-31,50817.08,35752.82,0.1774,60,44,1283.24,745,0.68,Current
L100086,Auto,DE,2021-05-20,2025-01-31,65574.5,14990.08,0.04545,60,15,1223.86,730,0.832,Current
L100087,Consumer_Unsec,UK,2022-03-23,2025-01-31,12308.56,5252.24,0.19238,60,26,320.91,805,0.77,Current
L100088,Auto,DE,2024-01-04,2025-01-31,29359.76,18395.17,0.09284,36,23,937.52,644,0.788,Current
L100089,Auto,FR,2024-04-05,2025-01-31,24781.81,19122.87,0.10522,60,50,532.92,607,0.62,Current
L100090,SME,DE,2022-09-15,2025-01-31,120421.8,79449.95,0.10468,84,56,2028.38,630,0.575,Current
L100091,Auto,ES,2024-02-25,2025-01-31,47280.93,39460.75,0.08598,72,61,842.86,730,0.632,Current
L100092,Auto,FR,2024-04-18,2025-01-31,20034.72,17811.6,0.07949,72,63,350.78,720,0.626,90dpd
L100093,Consumer_Unsec,UK,2022-07-09,2025-01-31,24250.46,8195.65,0.15785,48,17,684.6,696,0.794,Current
L100094,SME,UK,2024-07-08,2025-01-31,35484.48,29934.09,0.08721,60,54,731.8,623,0.817,Current
L100095,Auto,DE,2022-02-17,2025-01-31,41804.85,1210.81,0.10236,36,1,1353.56,736,0.681,Current
L100096,Consumer_Unsec,UK,2021-12-09,2025-01-31,10824.26,3906.12,0.08947,60,22,224.42,617,0.872,Current
L100097,Auto,UK,2023-09-03,2025-01-31,57575.87,27472.24,0.07417,36,19,1788.77,760,0.864,Default
L100098,Consumer_Unsec,ES,2023-06-30,2025-01-31,33119.56,23154.64,0.21657,60,41,908.28,820,0.729,Current
L100099,Auto,DE,2021-07-19,2025-01-31,122930.61,32375.28,0.07248,60,17,2448.57,712,0.601,Current
L100100,SME,UK,2024-04-05,2025-01-31,128661.81,103681.07,0.08903,48,38,3195.85,725,0.889,Current
L100101,Mortgage,FR,2021-10-13,2025-01-31,159899.4,134018.93,0.03617,240,200,937.03,660,0.693,Current
L100102,Mortgage,ES,2024-02-26,2025-01-31,316425.0,310552.55,0.04836,180,169,2475.29,581,0.715,Current
L100103,Auto,UK,2021-01-11,2025-01-31,19956.06,3822.65,0.07027,60,11,395.41,654,0.659,Current
L100104,Auto,NL,2024-02-14,2025-01-31,25352.78,18392.9,0.08129,48,37,620.47,624,0.593,Current
L100105,SME,IT,2024-01-31,2025-01-31,96939.33,65593.51,0.11622,36,24,3202.31,603,0.524,Current
L100106,Consumer_Unsec,FR,2024-01-21,2025-01-31,8208.81,6222.46,0.12054,60,48,182.83,793,0.776,Current
L100107,SME,ES,2023-08-09,2025-01-31,79076.73,49145.18,0.11472,48,30,2061.93,706,0.606,Current
L100108,Auto,UK,2022-11-06,2025-01-31,24559.62,13368.15,0.10144,60,33,523.57,713,0.97,Current
L100109,Consumer_Unsec,IT,2023-10-06,2025-01-31,28444.75,17222.0,0.18192,48,32,838.43,671,0.57,Current
L100110,Consumer_Unsec,DE,2022-02-01,2025-01-31,14872.14,372.12,0.14992,36,1,515.49,680,0.549,Current
L100111,SME,IT,2024-01-22,2025-01-31,101920.53,61741.05,0.17603,36,24,3664.41,748,0.761,Current
L100112,Consumer_Unsec,FR,2023-03-06,2025-01-31,27190.69,13017.42,0.18191,48,25,801.44,688,0.884,Current
L100113,Consumer_Unsec,UK,2022-10-19,2025-01-31,58116.29,23865.95,0.15637,48,21,1636.25,722,0.708,Current
L100114,Consumer_Unsec,UK,2022-12-25,2025-01-31,27003.02,16319.51,0.11434,60,35,592.98,678,0.769,Current
L100115,Consumer_Unsec,ES,2023-03-25,2025-01-31,17628.05,9336.5,0.1416,48,26,483.13,669,0.479,Current
L100116,Consumer_Unsec,FR,2021-02-23,2025-01-31,23487.24,498.88,0.19492,48,1,708.39,606,0.619,Current
L100117,SME,UK,2021-07-19,2025-01-31,38533.47,4117.25,0.13774,48,5,1048.62,571,0.571,Current
L100118,Consumer_Unsec,ES,2021-12-18,2025-01-31,33636.78,7079.43,0.19674,48,10,1017.75,674,0.473,Current
L100119,SME,NL,2021-06-13,2025-01-31,111639.48,67785.44,0.11463,120,76,1567.24,693,0.714,Current
L100120,Mortgage,DE,2022-09-21,2025-01-31,784624.73,682170.15,0.03244,180,152,5511.15,613,0.431,Current
L100121,Consumer_Unsec,DE,2023-08-14,2025-01-31,19110.44,13850.68,0.16205,60,43,466.81,688,0.541,90dpd
L100122,Consumer_Unsec,UK,2023-07-25,2025-01-31,23218.69,14678.17,0.10155,48,30,590.62,693,0.636,Current
L100123,Auto,NL,2022-11-05,2025-01-31,31361.5,8116.64,0.05525,36,9,947.34,561,0.6,Current
L100124,Consumer_Unsec,UK,2024-05-07,2025-01-31,30232.19,23274.07,0.15337,36,28,1053.01,635,0.748,Current
L100125,Consumer_Unsec,IT,2023-03-20,2025-01-31,33187.54,12638.93,0.16331,36,14,1172.21,714,0.737,Current
L100126,Mortgage,DE,2021-04-24,2025-01-31,195936.68,177192.17,0.05403,360,315,1100.66,713,0.807,Current
L100127,Mortgage,FR,2023-12-30,2025-01-31,366730.42,335824.86,0.04997,240,227,2419.68,621,0.79,Current
L100128,SME,UK,2023-04-02,2025-01-31,57484.68,31814.33,0.10829,48,26,1480.95,700,0.837,Current
L100129,Consumer_Unsec,UK,2023-06-27,2025-01-31,46276.79,28715.64,0.11054,60,41,1007.41,751,0.7,Current
L100130,Auto,NL,2023-03-20,2025-01-31,57882.91,28223.99,0.0829,48,26,1420.98,737,0.736,Current
L100131,SME,DE,2023-03-03,2025-01-31,80177.31,63464.79,0.05732,120,97,879.39,684,0.761,Current
L100132,Consumer_Unsec,FR,2021-05-10,2025-01-31,22624.41,5152.95,0.07488,60,15,453.22,662,0.717,Current
L100133,Auto,IT,2023-03-11,2025-01-31,163516.78,105522.32,0.09981,60,37,3472.74,652,0.652,Current
L100134,Consumer_Unsec,IT,2024-02-11,2025-01-31,17165.3,12628.06,0.11864,60,49,380.65,718,0.66,Current
L100135,Consumer_Unsec,NL,2022-03-11,2025-01-31,31693.38,13307.55,0.17554,60,25,797.13,702,0.602,Current
L100136,Auto,UK,2023-05-13,2025-01-31,28492.13,15565.14,0.10717,48,28,732.48,728,0.751,Current
L100137,Consumer_Unsec,FR,2021-02-14,2025-01-31,71832.44,15014.89,0.12332,60,12,1609.96,698,0.689,Current
L100138,Consumer_Unsec,IT,2022-05-12,2025-01-31,43816.01,3495.17,0.16566,36,3,1552.71,739,0.62,Current
L100139,SME,DE,2022-09-17,2025-01-31,55576.74,33497.68,0.07847,84,56,862.0,696,0.621,Current
L100140,Mortgage,UK,2024-11-06,2025-01-31,267488.1,240476.59,0.02654,360,358,1078.46,737,0.555,Current
L100141,Auto,NL,2021-11-03,2025-01-31,49599.52,1354.35,0.08747,36,1,1571.41,742,0.817,Current
L100142,SME,DE,2022-01-31,2025-01-31,60746.73,36378.85,0.08323,84,48,956.61,642,0.709,Current
L100143,Mortgage,FR,2022-08-08,2025-01-31,306169.28,293836.43,0.0406,360,330,1472.29,582,0.596,Current
L100144,Consumer_Unsec,IT,2024-11-20,2025-01-31,33326.83,29920.17,0.21414,36,34,1262.68,783,0.797,Current
L100145,Consumer_Unsec,FR,2024-05-05,2025-01-31,30291.86,23932.98,0.0916,48,39,756.11,705,0.633,Current
L100146,Consumer_Unsec,DE,2021-02-19,2025-01-31,26290.01,4811.43,0.1584,60,12,637.09,587,0.531,Current
L100147,Consumer_Unsec,DE,2021-12-01,2025-01-31,34100.93,12232.68,0.11018,60,22,741.75,647,0.823,Current
L100148,SME,DE,2024-03-20,2025-01-31,91562.37,65464.13,0.11771,36,26,3031.16,736,0.636,Current
L100149,Consumer_Unsec,UK,2021-03-25,2025-01-31,27791.94,1085.81,0.15545,48,2,781.16,673,0.651,Current
L100150,Auto,NL,2024-05-08,2025-01-31,30255.86,26007.18,0.09259,60,52,631.87,659,0.705,Current
L100151,Consumer_Unsec,NL,2022-02-07,2025-01-31,68293.61,1963.35,0.11193,36,1,2242.09,774,0.837,Current
L100152,Consumer_Unsec,UK,2024-08-05,2025-01-31,15097.27,12174.11,0.1182,48,43,396.24,627,0.702,30dpd
L100153,Mortgage,UK,2022-02-24,2025-01-31,255276.6,192137.21,0.05427,180,145,2075.98,642,0.556,Current
L100154,Consumer_Unsec,IT,2022-09-14,2025-01-31,22558.51,4085.86,0.20698,36,7,846.4,703,0.765,Current
L100155,Consumer_Unsec,UK,2023-08-05,2025-01-31,70809.68,40652.85,0.16181,48,30,2013.34,713,0.642,Current
L100156,Consumer_Unsec,FR,2021-06-30,2025-01-31,16368.02,4289.39,0.11359,60,17,358.82,720,0.927,Current
L100157,Auto,DE,2023-03-08,2025-01-31,28727.46,14870.75,0.09178,48,25,717.31,745,0.7,Current
L100158,Auto,ES,2022-12-24,2025-01-31,25250.56,13483.44,0.13355,60,35,579.13,702,0.432,Current
L100159,Auto,UK,2024-01-26,2025-01-31,51426.53,38985.67,0.08705,48,36,1272.56,719,0.743,Current
L100160,Consumer_Unsec,ES,2024-11-25,2025-01-31,12642.53,12516.22,0.19616,48,46,382.14,674,0.933,Current
L100161,Consumer_Unsec,DE,2023-08-08,2025-01-31,20677.66,10741.92,0.11909,36,18,685.89,694,0.889,Current
L100162,SME,FR,2022-08-09,2025-01-31,24706.23,9255.82,0.09395,48,18,619.46,696,0.92,Current
L100163,Auto,UK,2022-08-05,2025-01-31,49130.5,17127.07,0.09739,48,18,1239.93,703,0.578,Current
L100164,Auto,DE,2022-08-21,2025-01-31,32692.0,5802.43,0.09295,36,7,1044.09,736,0.809,Current
L100165,Auto,FR,2024-03-10,2025-01-31,18988.19,12819.61,0.06967,36,26,586.02,723,0.613,Current
L100166,SME,UK,2022-04-05,2025-01-31,146634.36,8507.18,0.07476,36,2,4559.64,693,0.727,Current
L100167,Consumer_Unsec,UK,2021-08-27,2025-01-31,13105.45,4334.12,0.17959,60,19,332.5,641,0.547,Current
L100168,Consumer_Unsec,UK,2022-04-24,2025-01-31,41702.61,17964.63,0.1867,60,27,1074.24,694,0.623,30dpd
L100169,Auto,UK,2021-02-02,2025-01-31,29273.3,9258.84,0.11524,72,24,565.08,688,0.619,60dpd
L100170,Consumer_Unsec,UK,2021-06-01,2025-01-31,64916.96,16904.4,0.20814,60,16,1749.43,702,0.808,Current
L100171,SME,IT,2021-05-09,2025-01-31,121888.89,28758.26,0.09837,60,15,2579.99,820,0.796,Current
L100172,Auto,DE,2024-01-09,2025-01-31,24725.18,17257.34,0.07878,36,24,773.4,659,0.733,Current
L100173,SME,NL,2023-10-30,2025-01-31,48738.12,34111.2,0.12877,60,45,1105.89,715,0.538,Current
L100174,Mortgage,IT,2023-09-24,2025-01-31,281515.28,245044.83,0.05213,180,164,2257.58,754,0.663,Current
L100175,Auto,UK,2022-10-23,2025-01-31,37260.75,15721.33,0.06535,48,21,884.24,696,0.61,Current
L100176,Mortgage,ES,2023-10-23,2025-01-31,183829.65,158339.3,0.03466,240,225,1062.96,820,0.804,30dpd
L100177,Auto,IT,2021-08-19,2025-01-31,86658.9,10371.16,0.09484,48,6,2176.48,667,0.841,30dpd
L100178,Mortgage,FR,2024-07-11,2025-01-31,133669.28,134043.14,0.04323,240,234,832.92,709,0.827,Current
L100179,Consumer_Unsec,DE,2022-12-18,2025-01-31,28288.53,15198.91,0.14407,60,35,664.22,642,0.609,Current
L100180,Auto,DE,2024-09-03,2025-01-31,72769.26,65878.23,0.10645,60,55,1569.33,669,0.371,Current
L100181,Auto,UK,2021-08-06,2025-01-31,67172.43,19365.72,0.10018,60,18,1427.81,705,0.488,Current
L100182,Consumer_Unsec,FR,2022-12-13,2025-01-31,24642.13,12924.69,0.19155,60,34,641.33,741,0.871,Current
L100183,Consumer_Unsec,IT,2023-09-23,2025-01-31,22950.66,13798.71,0.0774,48,32,557.49,709,0.652,Current
L100184,Mortgage,IT,2022-12-10,2025-01-31,77540.4,62426.15,0.04753,180,154,603.27,766,0.61,Current
L100185,Auto,UK,2022-10-01,2025-01-31,24078.37,11676.72,0.09889,60,32,510.28,684,0.897,Current
L100186,Consumer_Unsec,ES,2021-08-26,2025-01-31,32051.45,4470.91,0.09157,48,7,799.99,670,0.852,Current
L100187,Consumer_Unsec,UK,2022-06-29,2025-01-31,24938.42,9022.53,0.12208,48,17,659.27,820,0.703,Current
L100188,Consumer_Unsec,IT,2021-12-08,2025-01-31,28035.02,5887.08,0.11558,48,10,732.2,714,0.665,Current
L100189,Consumer_Unsec,UK,2022-03-08,2025-01-31,47647.69,20689.17,0.14576,60,25,1122.96,647,0.684,Current
L100190,Mortgage,IT,2023-09-05,2025-01-31,105016.8,95504.66,0.06128,300,283,684.86,648,0.727,Current
L100191,Consumer_Unsec,NL,2023-06-21,2025-01-31,23625.95,14362.09,0.21579,48,29,738.97,633,0.892,Current
L100192,Consumer_Unsec,UK,2023-05-19,2025-01-31,29845.55,19893.08,0.1165,60,40,658.63,746,0.751,Current
L100193,Auto,UK,2022-06-02,2025-01-31,29223.12,9084.07,0.09553,48,16,734.92,668,0.787,Current
L100194,Consumer_Unsec,NL,2024-10-04,2025-01-31,59119.28,52405.77,0.16456,48,45,1689.29,698,0.84,Current
L100195,Consumer_Unsec,UK,2021-05-06,2025-01-31,44343.56,2714.59,0.15857,48,3,1253.46,686,0.56,Current
L100196,SME,FR,2022-05-05,2025-01-31,94673.13,30162.23,0.10497,48,15,2423.84,734,0.791,Current
L100197,Auto,IT,2021-06-18,2025-01-31,115477.52,29847.76,0.09107,60,16,2403.15,639,0.665,Current
L100198,Mortgage,FR,2022-04-30,2025-01-31,88478.1,67499.8,0.06188,180,147,755.62,625,0.398,Current
L100199,Auto,DE,2024-10-07,2025-01-31,42862.56,42715.49,0.10705,60,57,925.64,703,0.445,Current
L100200,Auto,DE,2022-06-08,2025-01-31,52653.55,5366.78,0.0638,36,4,1610.9,726,0.578,Current
L100201,SME,UK,2024-07-23,2025-01-31,48805.92,45830.96,0.11489,60,54,1073.11,710,0.764,Current
L100202,Mortgage,IT,2022-12-09,2025-01-31,238064.25,222075.7,0.05392,300,274,1446.66,641,0.714,Current
L100203,SME,UK,2023-09-28,2025-01-31,43914.15,33035.66,0.10287,60,44,939.27,731,0.722,Current
L100204,Mortgage,UK,2022-10-17,2025-01-31,294993.75,273608.55,0.05631,300,273,1834.75,645,0.934,Current
L100205,SME,UK,2022-01-16,2025-01-31,144411.39,93015.05,0.0997,120,83,1906.02,659,0.548,Current
L100206,Mortgage,IT,2023-12-29,2025-01-31,234377.02,220548.22,0.047,240,227,1508.27,633,0.697,Current
L100207,Consumer_Unsec,UK,2024-10-17,2025-01-31,9710.48,9349.61,0.14924,60,57,230.63,768,0.737,Current
L100208,SME,NL,2022-01-12,2025-01-31,47423.64,26849.17,0.04454,84,47,658.19,728,0.612,Current
L100209,Consumer_Unsec,ES,2024-01-19,2025-01-31,36702.15,23017.99,0.14219,36,24,1258.29,726,0.703,60dpd
L100210,Auto,NL,2022-01-09,2025-01-31,43549.9,1121.61,0.07163,36,1,1347.95,765,0.508,Current
L100211,Auto,IT,2023-10-23,2025-01-31,9782.03,6383.63,0.06127,48,33,230.3,820,0.869,Current
L100212,Mortgage,NL,2024-02-03,2025-01-31,399696.07,369070.49,0.05934,240,228,2848.35,587,0.618,Current
L100213,Mortgage,IT,2022-10-05,2025-01-31,217523.92,189468.98,0.05004,240,212,1436.07,646,0.944,30dpd
L100214,Consumer_Unsec,UK,2023-11-20,2025-01-31,17145.81,12455.16,0.14396,48,34,471.94,653,0.696,30dpd
L100215,SME,NL,2022-01-25,2025-01-31,139502.52,56657.84,0.08088,60,24,2834.49,639,0.823,Default
L100216,SME,FR,2021-04-24,2025-01-31,55601.49,3480.04,0.1024,48,3,1416.63,625,0.694,Current
L100217,Consumer_Unsec,FR,2021-05-18,2025-01-31,18422.93,4327.19,0.1797,60,15,467.52,672,0.696,Current
L100218,Consumer_Unsec,IT,2022-10-02,2025-01-31,32764.27,13267.24,0.11606,48,20,856.48,617,0.63,Current
L100219,Consumer_Unsec,IT,2024-07-14,2025-01-31,71651.63,61282.48,0.14483,60,54,1685.21,710,0.714,Current
L100220,SME,ES,2021-07-02,2025-01-31,197123.4,5121.04,0.1167,36,1,6516.31,693,0.738,Current
L100221,Auto,DE,2022-10-14,2025-01-31,52462.03,19706.85,0.04628,48,20,1199.34,719,0.606,60dpd
L100222,Mortgage,DE,2023-10-04,2025-01-31,260202.45,225437.62,0.04442,180,164,1982.88,720,0.685,Current
L100223,Auto,DE,2021-10-17,2025-01-31,66524.66,20809.3,0.07641,60,20,1337.49,726,0.627,Current
L100224,Mortgage,DE,2023-10-29,2025-01-31,101069.32,93405.61,0.04366,240,225,632.14,668,0.97,Current
L100225,Consumer_Unsec,DE,2022-03-14,2025-01-31,38341.25,14527.26,0.12744,60,25,867.37,817,0.689,Current
L100226,SME,UK,2024-03-02,2025-01-31,53899.26,39078.52,0.09844,48,37,1362.99,704,0.885,Current
L100227,Consumer_Unsec,UK,2023-04-09,2025-01-31,32053.54,15742.7,0.21233,48,26,996.58,578,0.677,Current
L100228,Auto,NL,2023-02-22,2025-01-31,37983.09,13664.17,0.07852,36,13,1187.66,630,0.731,Current
L100229,SME,DE,2021-09-10,2025-01-31,106327.26,33172.94,0.10229,60,19,2271.15,586,0.541,Current
L100230,Mortgage,IT,2022-10-25,2025-01-31,215315.55,181656.78,0.06495,240,213,1604.67,691,0.646,Current
L100231,SME,FR,2024-05-09,2025-01-31,14890.02,11441.74,0.08125,48,40,364.38,683,0.725,Current
L100232,Consumer_Unsec,UK,2021-01-28,2025-01-31,29684.8,860.6,0.20851,36,1,1116.11,662,0.89,Current
L100233,Consumer_Unsec,UK,2023-12-21,2025-01-31,38299.19,24166.95,0.14519,36,23,1318.64,811,0.727,Current
L100234,Consumer_Unsec,UK,2022-12-06,2025-01-31,34381.04,9568.12,0.20737,36,10,1290.66,723,0.866,60dpd
L100235,Consumer_Unsec,IT,2023-10-26,2025-01-31,25427.28,18683.37,0.17126,60,45,633.65,734,0.777,Current
L100236,Auto,UK,2023-08-07,2025-01-31,106212.02,67775.22,0.09114,48,30,2648.85,634,0.895,Current
L100237,SME,FR,2022-09-10,2025-01-31,95785.59,19266.74,0.09336,36,7,3060.95,630,0.693,Current
L100238,SME,IT,2022-03-18,2025-01-31,102675.9,69631.0,0.0794,120,85,1242.48,692,0.97,Current
L100239,Mortgage,IT,2023-06-17,2025-01-31,358388.78,321682.03,0.04576,180,161,2755.55,700,0.642,Current
L100240,SME,UK,2021-07-20,2025-01-31,98522.31,9590.36,0.11743,48,5,2582.08,579,0.608,Current
L100241,SME,UK,2023-04-16,2025-01-31,49251.87,36856.83,0.09467,84,63,804.15,679,0.555,Current
L100242,Consumer_Unsec,UK,2021-05-16,2025-01-31,7036.84,1688.62,0.13392,60,15,161.52,691,0.97,Current
L100243,Consumer_Unsec,UK,2023-07-19,2025-01-31,20693.68,13051.75,0.13622,60,42,477.46,677,0.798,Current
L100244,Auto,UK,2023-06-19,2025-01-31,65416.1,41234.69,0.10485,48,29,1674.4,641,0.66,Current
L100245,Mortgage,FR,2021-05-01,2025-01-31,166158.9,149789.42,0.05725,360,315,967.04,658,0.85,Current
L100246,Consumer_Unsec,IT,2023-12-20,2025-01-31,41799.85,25199.95,0.12165,36,23,1391.65,679,0.783,Current
L100247,Auto,FR,2022-08-18,2025-01-31,46714.22,29284.32,0.07163,72,43,800.09,695,0.936,Current
L100248,Auto,FR,2024-01-31,2025-01-31,87416.56,66266.59,0.09259,60,48,1825.62,726,0.514,Current
L100249,Consumer_Unsec,UK,2021-03-01,2025-01-31,22871.13,4800.93,0.19846,60,13,603.99,755,0.668,Current
L100250,Consumer_Unsec,NL,2021-09-14,2025-01-31,34793.58,5214.56,0.18511,48,7,1031.37,672,0.644,Current
L100251,Mortgage,FR,2022-12-08,2025-01-31,266502.75,215624.67,0.03248,180,154,1872.39,663,0.463,Current
L100252,Auto,NL,2021-09-27,2025-01-31,98310.35,31707.74,0.07972,60,20,1992.06,716,0.827,Current
L100253,Consumer_Unsec,IT,2022-04-17,2025-01-31,10523.32,3068.8,0.11243,48,14,273.22,727,0.668,60dpd
L100254,Mortgage,UK,2023-08-03,2025-01-31,156808.2,133381.43,0.04232,240,222,969.55,664,0.789,Current
L100255,Consumer_Unsec,UK,2021-07-26,2025-01-31,42902.43,12399.05,0.20115,60,18,1139.41,737,0.97,Current
L100256,Mortgage,UK,2023-08-28,2025-01-31,472194.45,421566.47,0.03077,300,283,2258.25,749,0.658,Current
L100257,Consumer_Unsec,DE,2021-05-28,2025-01-31,30700.66,2562.27,0.08834,48,4,761.57,768,0.649,Current
L100258,Auto,IT,2021-09-08,2025-01-31,36644.42,4918.57,0.06843,48,7,874.83,797,0.714,Current
L100259,Consumer_Unsec,DE,2023-04-21,2025-01-31,40799.09,15893.11,0.15506,36,15,1424.44,638,0.818,Current
L100260,Consumer_Unsec,NL,2024-02-09,2025-01-31,43381.42,30328.02,0.16673,36,25,1539.61,691,0.632,Current
L100261,Mortgage,FR,2021-09-01,2025-01-31,165560.02,118060.19,0.04937,180,139,1303.85,691,0.624,Current
L100262,Consumer_Unsec,UK,2022-03-05,2025-01-31,32262.76,12949.5,0.18615,60,25,830.09,684,0.827,Current
L100263,Consumer_Unsec,UK,2024-08-15,2025-01-31,51497.57,47533.34,0.08329,60,55,1052.32,651,0.745,30dpd
L100264,Consumer_Unsec,ES,2024-11-16,2025-01-31,76096.11,74006.21,0.18659,48,46,2261.62,601,0.455,Current
L100265,SME,ES,2023-04-11,2025-01-31,121424.13,60130.33,0.0872,48,26,3005.51,696,0.553,Current
L100266,SME,DE,2022-10-02,2025-01-31,82692.87,45328.89,0.11329,60,32,1811.53,644,0.88,Current
L100267,Mortgage,UK,2022-05-12,2025-01-31,195861.22,179436.54,0.03177,360,327,844.53,695,0.748,Current
L100268,Consumer_Unsec,ES,2023-05-26,2025-01-31,36554.81,23173.17,0.14517,60,40,860.4,642,0.609,60dpd
L100269,Consumer_Unsec,UK,2023-04-26,2025-01-31,25244.91,14407.17,0.15327,48,27,706.78,624,0.68,Current
L100270,Consumer_Unsec,IT,2022-02-26,2025-01-31,29860.81,12557.03,0.18545,60,25,767.15,704,0.702,Current
L100271,Auto,UK,2021-02-02,2025-01-31,24056.77,496.24,0.05329,48,1,557.61,699,0.788,Current
L100272,Mortgage,UK,2021-08-05,2025-01-31,411796.43,334218.94,0.04531,240,198,2612.07,725,0.537,Current
L100273,SME,DE,2024-10-02,2025-01-31,43110.03,42098.32,0.06787,120,116,495.82,820,0.599,30dpd
L100274,Auto,FR,2022-08-21,2025-01-31,33939.74,14104.71,0.09511,48,19,852.85,707,0.733,Current
L100275,Consumer_Unsec,FR,2022-11-21,2025-01-31,28386.71,12838.61,0.1722,48,22,822.34,719,0.688,Current
L100276,Mortgage,DE,2022-10-30,2025-01-31,603164.85,546714.99,0.05787,240,213,4247.53,625,0.769,Current
L100277,Auto,IT,2024-01-25,2025-01-31,34116.21,25885.02,0.0743,48,36,823.78,613,0.552,Current
L100278,Consumer_Unsec,DE,2021-04-03,2025-01-31,18651.68,799.2,0.17745,48,2,545.41,785,0.743,Current
L100279,Consumer_Unsec,DE,2021-04-29,2025-01-31,19871.68,5182.43,0.19263,60,15,518.36,635,0.831,30dpd
L100280,Consumer_Unsec,DE,2022-01-30,2025-01-31,66996.35,15559.27,0.08749,48,12,1659.22,627,0.758,Current
L100281,Consumer_Unsec,UK,2022-11-27,2025-01-31,5728.5,1471.62,0.16643,36,10,203.22,688,0.717,Current
L100282,Consumer_Unsec,FR,2023-08-18,2025-01-31,15498.43,10973.4,0.17855,60,43,392.33,685,0.688,Current
L100283,Auto,UK,2022-12-03,2025-01-31,193341.33,85725.43,0.07983,48,22,4718.44,636,0.6,Current
L100284,Auto,FR,2022-09-23,2025-01-31,59574.85,35882.9,0.06078,72,44,989.54,672,0.691,Current
L100285,Consumer_Unsec,UK,2024-09-03,2025-01-31,14642.86,12857.61,0.178,36,31,527.91,764,0.851,Current
L100286,Consumer_Unsec,IT,2021-08-19,2025-01-31,26290.03,3416.91,0.10302,48,6,670.6,642,0.686,Current
L100287,Mortgage,DE,2023-03-29,2025-01-31,209400.3,183093.95,0.04322,240,218,1304.7,606,0.593,Current
L100288,SME,IT,2023-02-15,2025-01-31,128538.18,94061.0,0.094,84,61,2094.23,747,0.641,Current
L100289,Auto,DE,2022-11-09,2025-01-31,118388.83,27511.19,0.09931,36,9,3816.24,720,0.724,Current
L100290,Consumer_Unsec,UK,2024-02-29,2025-01-31,33313.01,26666.49,0.12307,60,49,746.2,653,0.655,Current
L100291,Mortgage,NL,2022-01-17,2025-01-31,149944.35,114559.95,0.03815,240,203,894.12,595,0.758,Current
L100292,Consumer_Unsec,FR,2024-09-25,2025-01-31,41477.09,37091.54,0.14846,48,44,1151.11,645,0.763,Current
L100293,Consumer_Unsec,NL,2022-04-20,2025-01-31,18323.89,5622.0,0.18022,48,15,538.48,687,0.807,Current
L100294,Mortgage,DE,2023-02-19,2025-01-31,114298.35,100722.08,0.06787,180,157,1013.81,760,0.871,90dpd
L100295,Auto,FR,2023-01-15,2025-01-31,16351.15,8154.5,0.05485,48,24,380.16,628,0.82,Current
L100296,SME,NL,2024-04-30,2025-01-31,34125.21,26444.64,0.10288,48,39,870.24,685,0.588,Current
L100297,Auto,FR,2022-09-20,2025-01-31,26290.38,9868.31,0.06327,48,20,621.38,731,0.592,Current
L100298,Auto,UK,2022-02-11,2025-01-31,22521.36,5164.84,0.10538,48,12,577.03,547,0.691,Current
L100299,Consumer_Unsec,ES,2021-01-31,2025-01-31,31961.27,696.46,0.11215,48,1,829.4,752,0.646,Current
L100300,Consumer_Unsec,ES,2022-06-05,2025-01-31,13909.52,1604.77,0.12139,36,4,462.92,619,0.563,Current
L100301,Consumer_Unsec,IT,2024-03-27,2025-01-31,4774.21,3271.38,0.12438,36,26,159.57,710,0.647,Current
L100302,Consumer_Unsec,DE,2021-01-15,2025-01-31,15151.4,395.13,0.14233,36,1,519.56,705,0.643,Current
L100303,Mortgage,DE,2024-07-05,2025-01-31,155652.38,144432.44,0.04823,180,173,1216.6,755,0.619,Current
L100304,Consumer_Unsec,NL,2023-02-16,2025-01-31,19283.46,11932.98,0.16193,60,37,470.92,723,0.662,Current
L100305,Auto,FR,2021-07-20,2025-01-31,99284.24,2629.72,0.08488,36,1,3133.63,547,0.841,Current
L100306,SME,ES,2022-03-09,2025-01-31,57593.43,37127.6,0.06175,120,85,644.49,643,0.724,Current
L100307,SME,DE,2023-03-04,2025-01-31,131021.97,65539.6,0.11319,48,25,3406.69,698,0.97,Current
L100308,Consumer_Unsec,UK,2022-03-28,2025-01-31,26623.77,1389.0,0.14315,36,2,914.01,678,0.72,Current
L100309,Auto,ES,2021-06-05,2025-01-31,42055.1,10639.82,0.10823,60,16,910.68,719,0.665,Current
L100310,Mortgage,UK,2023-08-11,2025-01-31,127445.48,109470.85,0.03792,240,223,758.42,737,0.7,90dpd
L100311,Auto,UK,2023-08-20,2025-01-31,41675.68,26883.94,0.05295,48,31,965.35,727,0.731,Current
L100312,SME,FR,2021-06-19,2025-01-31,52987.41,32853.78,0.09415,120,76,683.18,677,0.752,Current
L100313,Mortgage,ES,2022-02-07,2025-01-31,221552.85,187559.23,0.05796,360,324,1299.4,579,0.949,Current
L100314,SME,IT,2021-12-15,2025-01-31,70875.15,38155.85,0.09902,84,46,1173.04,663,0.599,Current
L100315,Consumer_Unsec,UK,2023-08-01,2025-01-31,16001.77,7792.11,0.13801,36,18,545.36,715,0.803,Current
L100316,Auto,UK,2023-11-11,2025-01-31,74276.18,53632.77,0.06759,48,34,1770.35,625,0.725,Current
L100317,Consumer_Unsec,IT,2023-11-06,2025-01-31,34021.99,26623.85,0.20652,60,45,913.77,728,0.511,Current
L100318,Auto,UK,2024-09-04,2025-01-31,33643.3,29219.6,0.06441,72,68,564.59,745,0.792,Current
L100319,Mortgage,UK,2024-01-05,2025-01-31,218583.68,209405.63,0.03775,180,167,1592.26,698,0.852,Current
L100320,Auto,UK,2022-04-04,2025-01-31,41105.66,12057.72,0.0964,48,14,1035.45,520,0.597,Current
L100321,Consumer_Unsec,FR,2021-06-04,2025-01-31,16694.34,1396.6,0.08004,48,4,407.59,613,0.699,Current
L100322,Consumer_Unsec,IT,2023-05-29,2025-01-31,27966.79,11884.58,0.18961,36,16,1024.6,803,0.493,Current
L100323,Mortgage,ES,2024-08-02,2025-01-31,143393.33,133722.1,0.05124,300,294,848.67,657,0.549,Current
L100324,Consumer_Unsec,ES,2024-10-26,2025-01-31,15999.08,13511.91,0.17647,48,45,467.03,571,0.826,Current
L100325,Consumer_Unsec,UK,2021-11-26,2025-01-31,11020.12,2404.52,0.16453,48,10,314.88,764,0.644,Current
L100326,Consumer_Unsec,DE,2021-12-05,2025-01-31,22087.47,608.0,0.13936,36,1,754.21,691,0.567,Current
L100327,Consumer_Unsec,DE,2021-02-23,2025-01-31,36747.81,735.22,0.10779,48,1,945.83,756,0.728,Current
L100328,Auto,UK,2021-07-22,2025-01-31,29376.22,800.96,0.0822,36,1,923.53,707,0.637,60dpd
L100329,Auto,UK,2023-03-05,2025-01-31,172196.82,81262.46,0.0655,48,25,4087.57,718,0.644,Current
L100330,Consumer_Unsec,UK,2023-02-21,2025-01-31,43788.53,14643.15,0.16202,36,13,1543.84,712,0.789,Current
L100331,Consumer_Unsec,UK,2022-06-15,2025-01-31,55126.27,25558.48,0.17324,60,28,1379.64,732,0.561,Current
L100332,Consumer_Unsec,FR,2022-03-20,2025-01-31,41663.62,2261.73,0.19669,36,2,1541.35,820,0.591,Current
L100333,Consumer_Unsec,ES,2024-04-01,2025-01-31,74538.85,60075.71,0.15801,48,38,2104.87,748,0.718,Current
L100334,Consumer_Unsec,UK,2022-10-20,2025-01-31,17450.94,4357.55,0.17736,36,9,628.58,595,0.816,Current
L100335,Auto,DE,2024-03-01,2025-01-31,10525.94,7238.16,0.07906,36,25,329.39,717,0.849,30dpd
L100336,Consumer_Unsec,NL,2024-10-09,2025-01-31,21049.48,19725.45,0.12826,36,33,707.48,758,0.62,Current
L100337,Consumer_Unsec,ES,2022-03-30,2025-01-31,36571.34,1849.37,0.16158,36,2,1288.59,762,0.812,Current
L100338,Consumer_Unsec,NL,2021-10-17,2025-01-31,29241.21,815.21,0.13147,36,1,987.33,664,0.606,Current
L100339,Consumer_Unsec,DE,2024-09-24,2025-01-31,31304.27,28906.17,0.15442,48,44,878.25,760,0.919,Current
L100340,Consumer_Unsec,NL,2023-06-27,2025-01-31,55631.26,35782.26,0.10786,60,41,1203.62,746,0.564,Current
L100341,Consumer_Unsec,UK,2022-02-21,2025-01-31,33194.24,856.92,0.11414,36,1,1093.26,820,0.859,Current
L100342,Mortgage,DE,2023-06-09,2025-01-31,313108.5,267521.38,0.05135,240,220,2089.87,645,0.621,Current
L100343,Consumer_Unsec,UK,2023-01-07,2025-01-31,16046.41,7148.54,0.17603,48,23,468.04,660,0.942,Current
L100344,Auto,DE,2024-07-18,2025-01-31,23565.46,19216.99,0.06529,36,30,722.57,672,0.771,Current
L100345,Auto,DE,2022-01-02,2025-01-31,104586.14,22058.49,0.09841,48,11,2644.61,661,0.578,Current
L100346,Consumer_Unsec,UK,2024-11-18,2025-01-31,28438.41,26828.76,0.12635,36,34,953.22,637,0.637,Current
L100347,Consumer_Unsec,ES,2024-08-31,2025-01-31,19095.8,15058.42,0.14558,36,31,657.83,524,0.794,Current
L100348,SME,UK,2021-09-16,2025-01-31,57345.24,16416.64,0.13042,60,19,1306.02,664,0.826,Current
L100349,SME,UK,2021-08-24,2025-01-31,56477.34,35243.55,0.11519,120,79,794.65,712,0.692,Current
L100350,Consumer_Unsec,UK,2023-02-02,2025-01-31,18216.31,10151.36,0.17286,60,36,455.52,660,0.705,Current
L100351,Consumer_Unsec,DE,2021-03-06,2025-01-31,13283.38,3017.07,0.21181,60,13,360.71,806,0.791,Current
L100352,Consumer_Unsec,UK,2022-03-04,2025-01-31,11787.19,3018.22,0.12036,48,13,310.61,691,0.716,Current
L100353,Auto,DE,2022-09-15,2025-01-31,38667.36,8019.69,0.06528,36,8,1185.61,767,0.545,Current
L100354,Auto,UK,2024-10-18,2025-01-31,31066.78,27072.24,0.07056,48,45,744.74,706,0.602,Current
L100355,Consumer_Unsec,ES,2024-11-20,2025-01-31,49460.89,44661.33,0.13609,36,34,1681.08,740,0.728,30dpd
L100356,Consumer_Unsec,IT,2021-08-05,2025-01-31,31608.84,870.01,0.06259,36,1,965.32,707,0.846,Current
L100357,Mortgage,DE,2024-06-29,2025-01-31,233474.4,228275.03,0.04293,180,173,1761.41,772,0.894,Current
L100358,Consumer_Unsec,FR,2021-05-11,2025-01-31,17877.24,1066.7,0.12594,48,3,476.01,693,0.794,Current
L100359,Auto,NL,2023-12-07,2025-01-31,40273.06,28352.61,0.10068,48,34,1022.74,720,0.734,Current
L100360,SME,IT,2024-04-24,2025-01-31,98436.09,71782.72,0.10381,36,27,3193.9,712,0.79,Current
L100361,Consumer_Unsec,FR,2024-06-27,2025-01-31,39891.07,36187.61,0.12398,60,53,895.39,673,0.62,Current
L100362,Consumer_Unsec,IT,2021-11-16,2025-01-31,25549.15,4720.32,0.16565,48,9,731.48,714,0.682,Current
L100363,Consumer_Unsec,IT,2024-07-01,2025-01-31,48704.08,40590.5,0.17031,60,53,1211.24,820,0.601,30dpd
L100364,Mortgage,NL,2021-06-15,2025-01-31,202662.45,166424.26,0.03731,240,196,1199.61,674,0.55,Current
L100365,Consumer_Unsec,DE,2023-01-12,2025-01-31,41608.76,20396.29,0.12774,48,23,1111.61,715,0.74,Current
L100366,Consumer_Unsec,UK,2022-11-03,2025-01-31,20549.28,4982.26,0.06711,36,9,631.79,765,0.722,Current
L100367,Consumer_Unsec,UK,2022-03-28,2025-01-31,9927.62,3034.77,0.10683,48,14,255.06,758,0.783,Current
L100368,Consumer_Unsec,DE,2021-02-01,2025-01-31,31182.04,893.77,0.11901,36,1,1034.22,691,0.766,Current
L100369,Auto,DE,2024-01-09,2025-01-31,64146.96,39751.58,0.08648,36,24,2029.37,547,0.729,Current
L100370,Consumer_Unsec,DE,2022-04-25,2025-01-31,36917.5,16912.13,0.11191,60,27,806.2,721,0.767,Current
L100371,Auto,FR,2023-08-05,2025-01-31,54296.03,26880.41,0.07473,36,18,1688.27,557,0.695,Current
L100372,Auto,FR,2022-08-10,2025-01-31,35535.26,5805.41,0.06049,36,6,1081.85,778,0.75,Current
L100373,SME,NL,2022-06-19,2025-01-31,51787.38,37529.05,0.09928,120,89,682.3,700,0.613,Current
L100374,Consumer_Unsec,UK,2024-06-21,2025-01-31,36441.03,30177.56,0.1599,36,29,1280.98,750,0.744,Current
L100375,Mortgage,UK,2021-05-16,2025-01-31,255109.72,215028.48,0.04902,300,255,1476.87,636,0.78,Current
L100376,Auto,NL,2023-11-20,2025-01-31,31618.86,21963.45,0.08525,48,34,779.72,597,0.62,Current
L100377,Consumer_Unsec,NL,2023-12-04,2025-01-31,49522.55,31827.72,0.09106,48,34,1234.87,706,0.706,Current
L100378,SME,IT,2022-06-28,2025-01-31,49664.04,23218.04,0.0795,60,29,1005.82,688,0.625,Current
L100379,Mortgage,IT,2022-01-11,2025-01-31,146380.58,120501.71,0.04093,180,143,1089.57,661,0.637,Current
L100380,Consumer_Unsec,IT,2021-01-08,2025-01-31,66173.4,12213.81,0.13088,60,11,1508.65,695,0.565,Current
L100381,Mortgage,UK,2024-09-01,2025-01-31,325339.05,289139.83,0.04575,240,235,2071.45,820,0.852,Current
L100382,Auto,DE,2024-09-17,2025-01-31,35351.58,32448.0,0.11351,36,32,1163.25,740,0.828,Current
L100383,Auto,UK,2021-12-11,2025-01-31,50415.95,10755.4,0.10124,48,10,1281.69,753,0.764,Current
L100384,Mortgage,FR,2021-02-15,2025-01-31,219704.48,186983.66,0.03512,360,312,988.1,741,0.937,Current
L100385,Consumer_Unsec,IT,2021-06-25,2025-01-31,5942.66,1521.04,0.16874,60,17,147.29,779,0.677,Current
L100386,SME,UK,2021-04-07,2025-01-31,49023.33,29758.37,0.11101,120,74,678.1,679,0.97,Current
L100387,Consumer_Unsec,FR,2024-04-03,2025-01-31,26161.24,19799.44,0.11679,60,50,577.7,567,0.673,Current
L100388,SME,UK,2024-06-29,2025-01-31,66335.19,55552.42,0.11622,60,53,1462.96,679,0.731,Current
L100389,Auto,UK,2021-08-08,2025-01-31,49311.38,6129.01,0.08179,48,6,1207.99,739,0.652,Current
L100390,Consumer_Unsec,UK,2023-12-04,2025-01-31,50071.9,39806.41,0.09565,60,46,1053.2,632,0.745,60dpd
L100391,Consumer_Unsec,UK,2021-09-14,2025-01-31,22542.45,3135.13,0.16093,48,7,639.94,679,0.8,Current
L100392,Consumer_Unsec,IT,2022-06-10,2025-01-31,15037.31,5157.82,0.15259,48,16,420.48,648,0.686,Current
L100393,Consumer_Unsec,DE,2023-05-08,2025-01-31,32166.1,21697.33,0.13703,60,39,743.51,780,0.913,Current
L100394,Consumer_Unsec,NL,2023-10-27,2025-01-31,22479.46,13957.95,0.14369,48,33,618.45,735,0.729,Default
L100395,Consumer_Unsec,ES,2024-06-04,2025-01-31,24690.28,17972.88,0.11983,36,28,819.87,729,0.732,Current
L100396,Consumer_Unsec,UK,2021-03-06,2025-01-31,22914.48,480.48,0.16635,48,1,656.88,727,0.591,Current
L100397,Consumer_Unsec,UK,2021-10-08,2025-01-31,92319.51,15594.71,0.14348,48,8,2538.91,688,0.75,Current
L100398,SME,NL,2022-02-06,2025-01-31,23534.55,12895.08,0.09916,84,48,389.68,702,0.684,Current
L100399,SME,UK,2022-03-20,2025-01-31,65187.87,18984.86,0.10393,48,14,1665.66,619,0.627,Current
L100400,SME,IT,2024-11-28,2025-01-31,80545.98,77985.34,0.06614,84,82,1200.49,559,0.607,Current
L100401,Consumer_Unsec,UK,2024-01-17,2025-01-31,17507.27,13274.44,0.1137,48,36,455.64,699,0.97,Current
L100402,Mortgage,ES,2022-04-04,2025-01-31,330978.0,302056.4,0.0229,360,326,1271.92,709,0.668,Current
L100403,Auto,NL,2024-10-21,2025-01-31,67325.57,56338.52,0.09629,36,33,2160.71,763,0.525,Current
L100404,Consumer_Unsec,UK,2022-12-16,2025-01-31,26205.77,14120.9,0.10257,60,35,560.12,784,0.616,Current
L100405,Consumer_Unsec,UK,2022-12-18,2025-01-31,23181.95,10218.37,0.14964,48,23,644.75,784,0.694,Current
L100406,Auto,IT,2022-09-13,2025-01-31,40474.5,8183.84,0.09242,36,7,1291.64,630,0.766,90dpd
L100407,Consumer_Unsec,UK,2021-07-25,2025-01-31,25396.52,731.58,0.16608,36,1,900.51,669,0.767,Current
L100408,Auto,DE,2024-08-29,2025-01-31,41229.06,36199.08,0.06092,36,31,1255.99,719,0.781,Current
L100409,Mortgage,DE,2021-01-20,2025-01-31,181953.0,132859.04,0.04435,240,191,1144.73,820,0.623,Current
L100410,Consumer_Unsec,UK,2021-09-07,2025-01-31,30910.37,9652.63,0.20346,60,19,824.9,779,0.741,Current
L100411,Consumer_Unsec,NL,2021-11-25,2025-01-31,40711.53,13854.04,0.205,60,22,1089.97,757,0.595,Default
L100412,Mortgage,NL,2022-02-04,2025-01-31,102565.8,86219.55,0.05487,300,264,629.07,667,0.626,Current
L100413,Auto,DE,2021-07-08,2025-01-31,24152.38,2365.08,0.09175,48,5,603.04,637,0.59,Current
L100414,Consumer_Unsec,NL,2021-01-26,2025-01-31,10283.7,219.46,0.10982,48,1,265.7,737,0.557,Current
L100415,Mortgage,UK,2023-08-28,2025-01-31,324948.38,285351.64,0.05219,360,343,1788.07,624,0.828,Current
L100416,Mortgage,UK,2024-10-18,2025-01-31,231556.88,228921.57,0.04342,360,357,1151.62,676,0.783,Current
L100417,Auto,FR,2021-06-24,2025-01-31,56834.61,1653.86,0.09621,36,1,1823.8,683,0.817,Current
L100418,Auto,IT,2022-03-01,2025-01-31,19609.7,10108.02,0.07234,72,37,336.54,786,0.705,Current
L100419,Consumer_Unsec,UK,2022-12-26,2025-01-31,71805.87,31375.21,0.13895,48,23,1958.41,669,0.793,Current
L100420,Consumer_Unsec,UK,2024-08-19,2025-01-31,19247.41,18281.75,0.15075,60,55,458.65,544,0.489,Current
L100421,Auto,FR,2023-09-20,2025-01-31,47217.36,36594.68,0.08993,72,56,850.94,720,0.804,Current
L100422,Consumer_Unsec,NL,2024-01-01,2025-01-31,43041.13,32651.71,0.16228,60,47,1051.9,648,0.721,30dpd
L100423,Auto,UK,2023-04-11,2025-01-31,25013.34,9717.23,0.07342,36,14,776.25,693,0.775,Current
L100424,SME,DE,2022-08-20,2025-01-31,59762.52,31860.95,0.06142,60,31,1159.32,685,0.746,Current
L100425,Consumer_Unsec,ES,2021-10-13,2025-01-31,29689.37,801.26,0.20187,36,1,1106.19,674,0.582,Current
L100426,Auto,DE,2024-05-20,2025-01-31,207236.06,175958.29,0.13479,60,52,4766.18,737,0.52,Current
L100427,Consumer_Unsec,UK,2024-02-24,2025-01-31,31749.07,23686.85,0.16066,48,37,900.85,598,0.615,Current
L100428,Mortgage,UK,2021-02-05,2025-01-31,488161.58,373515.13,0.03176,300,252,2359.85,659,0.768,30dpd
L100429,Consumer_Unsec,DE,2023-10-21,2025-01-31,52214.75,39868.33,0.11794,60,45,1156.06,731,0.783,Current
L100430,Auto,DE,2021-05-01,2025-01-31,52702.03,1345.31,0.09518,36,1,1688.65,653,0.536,Current
L100431,Auto,NL,2023-11-23,2025-01-31,24982.88,16973.94,0.11182,48,34,647.91,593,0.582,Current
L100432,Consumer_Unsec,FR,2024-03-27,2025-01-31,48187.96,38471.0,0.10255,60,50,1029.91,730,0.613,Current
L100433,Auto,ES,2021-07-07,2025-01-31,18883.49,1852.95,0.08251,48,5,463.23,757,0.657,Current
L100434,SME,IT,2022-09-13,2025-01-31,194676.33,36353.82,0.0999,36,7,6280.73,687,0.537,Current
L100435,Auto,DE,2021-06-26,2025-01-31,48050.43,1324.99,0.10229,36,1,1555.63,572,0.529,Current
L100436,SME,DE,2023-03-23,2025-01-31,18788.28,9634.63,0.08641,48,26,464.35,732,0.601,Current
L100437,Mortgage,IT,2024-08-19,2025-01-31,167313.53,152329.85,0.02936,300,295,787.88,590,0.71,Current
L100438,Consumer_Unsec,UK,2021-04-26,2025-01-31,38548.46,2482.53,0.16674,48,3,1105.83,709,0.558,Current
L100439,Auto,ES,2022-07-23,2025-01-31,37783.98,6584.65,0.1075,36,6,1232.52,637,0.686,Current
L100440,Consumer_Unsec,ES,2024-10-23,2025-01-31,39864.97,36206.89,0.14211,48,45,1093.59,620,0.827,Current
L100441,SME,UK,2022-03-07,2025-01-31,50569.26,12998.08,0.10513,48,13,1295.06,663,0.544,Current
L100442,Auto,DE,2021-07-09,2025-01-31,20988.14,528.86,0.07551,36,1,653.35,679,0.675,60dpd
L100443,Consumer_Unsec,UK,2022-11-30,2025-01-31,25866.53,13272.95,0.1154,60,34,569.39,651,0.823,Current
L100444,Consumer_Unsec,UK,2022-12-28,2025-01-31,27374.33,12578.19,0.18092,48,23,805.44,725,0.65,Current
L100445,Mortgage,DE,2023-08-06,2025-01-31,166590.07,160188.19,0.04887,240,222,1089.09,663,0.631,Current
L100446,Consumer_Unsec,UK,2022-03-25,2025-01-31,52839.28,23116.98,0.16216,60,26,1291.03,749,0.84,Current
L100447,Auto,NL,2024-09-28,2025-01-31,26967.55,23543.33,0.11504,48,44,703.61,707,0.663,Default
L100448,Consumer_Unsec,IT,2023-01-16,2025-01-31,31960.02,20042.9,0.10808,60,36,691.83,648,0.833,Current
L100449,Mortgage,NL,2022-02-14,2025-01-31,209459.7,161587.88,0.03948,180,144,1543.89,638,0.751,Current
L100450,Consumer_Unsec,UK,2024-10-05,2025-01-31,11427.82,9862.88,0.15053,36,33,396.44,591,0.659,Current
L100451,Consumer_Unsec,UK,2024-08-15,2025-01-31,13023.8,10810.67,0.12525,36,31,435.85,707,0.758,Current
L100452,Mortgage,UK,2022-12-15,2025-01-31,203100.08,176093.44,0.05283,360,335,1125.7,669,0.738,Current
L100453,Mortgage,UK,2021-02-05,2025-01-31,599926.88,537014.37,0.04313,360,312,2973.31,548,0.823,Default
L100454,Consumer_Unsec,IT,2023-05-04,2025-01-31,36997.23,14709.11,0.11026,36,15,1211.7,658,0.634,Current
L100455,Auto,DE,2023-03-05,2025-01-31,16662.3,6009.09,0.08632,36,13,527.0,636,0.705,Current
L100456,SME,UK,2021-07-31,2025-01-31,14586.39,1747.37,0.09926,48,6,369.43,785,0.693,Current
L100457,Mortgage,NL,2023-06-26,2025-01-31,301969.88,292818.16,0.05435,300,281,1842.6,588,0.784,Current
L100458,Consumer_Unsec,DE,2024-04-17,2025-01-31,25516.55,21610.06,0.15876,60,51,618.83,604,0.577,Current
L100459,Auto,UK,2021-06-01,2025-01-31,80635.95,20927.45,0.09422,60,16,1690.44,757,0.822,Current
L100460,SME,UK,2023-11-01,2025-01-31,49722.72,40019.02,0.10301,120,105,665.4,771,0.756,Current
L100461,SME,FR,2021-07-20,2025-01-31,97853.73,10552.79,0.09029,48,5,2436.46,645,0.542,Current
L100462,SME,NL,2023-12-07,2025-01-31,128541.57,96776.88,0.07709,60,46,2588.52,652,0.845,Current
L100463,Auto,UK,2022-08-23,2025-01-31,33654.38,12558.97,0.09078,48,19,838.73,727,0.968,Current
L100464,Consumer_Unsec,IT,2021-01-10,2025-01-31,21282.77,457.44,0.13334,48,1,574.5,550,0.82,30dpd
L100465,Mortgage,NL,2024-10-13,2025-01-31,204597.0,184259.65,0.0619,360,357,1251.74,578,0.871,Current
L100466,Mortgage,NL,2021-08-26,2025-01-31,271950.38,198899.23,0.05842,180,139,2271.75,673,0.71,Current
L100467,SME,UK,2023-05-03,2025-01-31,80075.76,58887.17,0.11082,84,63,1374.55,783,0.501,Current
L100468,Consumer_Unsec,UK,2021-09-17,2025-01-31,45967.87,13842.82,0.15825,60,19,1113.57,664,0.479,Current
L100469,Consumer_Unsec,NL,2024-08-27,2025-01-31,20867.24,18583.34,0.14192,60,55,487.63,696,0.731,Current
L100470,SME,UK,2023-11-22,2025-01-31,38870.67,28002.29,0.06347,60,46,757.77,758,0.629,Current
L100471,Consumer_Unsec,FR,2024-02-25,2025-01-31,79804.6,56564.77,0.13743,48,37,2170.52,816,0.59,Current
L100472,Mortgage,ES,2022-09-10,2025-01-31,144690.83,120467.1,0.04601,360,331,741.87,655,0.692,Current
L100473,Consumer_Unsec,UK,2022-10-31,2025-01-31,19679.97,9997.54,0.15303,60,33,471.32,689,0.774,Current
L100474,SME,NL,2023-06-27,2025-01-31,77840.76,55475.32,0.10674,60,41,1679.81,799,0.526,Current
L100475,Mortgage,IT,2024-01-28,2025-01-31,209368.8,199619.22,0.05421,360,348,1178.46,599,0.646,Current
L100476,Consumer_Unsec,ES,2024-04-26,2025-01-31,21749.02,17200.04,0.12077,48,39,573.56,752,0.881,Current
L100477,Consumer_Unsec,DE,2021-01-26,2025-01-31,26646.45,531.62,0.12109,48,1,703.13,629,0.571,Current
L100478,Auto,IT,2023-08-07,2025-01-31,42113.95,29664.4,0.11402,60,42,924.12,696,0.804,Current
L100479,Auto,FR,2021-06-06,2025-01-31,47389.42,3637.88,0.10042,48,4,1202.87,675,0.642,Current
L100480,Consumer_Unsec,ES,2022-02-16,2025-01-31,7356.81,1731.46,0.13132,48,12,197.85,633,0.765,Current
L100481,Auto,NL,2024-04-01,2025-01-31,121113.76,104124.01,0.08286,72,62,2140.44,631,0.832,Current
L100482,Mortgage,ES,2021-12-25,2025-01-31,186073.05,162250.88,0.04397,360,323,931.48,707,0.789,Current
L100483,Auto,UK,2024-02-14,2025-01-31,59239.63,49129.58,0.08563,60,49,1217.2,750,0.809,Current
L100484,Consumer_Unsec,UK,2022-10-25,2025-01-31,12607.46,5706.42,0.16154,48,21,358.3,682,0.562,Current
L100485,Consumer_Unsec,UK,2021-11-29,2025-01-31,20763.46,7792.23,0.23372,60,22,589.78,694,0.834,30dpd
L100486,Consumer_Unsec,FR,2022-04-23,2025-01-31,18587.16,1436.84,0.15164,36,3,645.83,724,0.598,Current
L100487,Consumer_Unsec,FR,2023-01-30,2025-01-31,60376.07,27583.43,0.16819,48,24,1736.51,632,0.731,Current
L100488,Consumer_Unsec,FR,2023-12-31,2025-01-31,19492.84,13153.43,0.08597,48,35,481.36,734,0.731,Current
L100489,Auto,DE,2023-05-17,2025-01-31,65313.09,44305.34,0.0753,60,40,1309.68,739,0.758,Current
L100490,Consumer_Unsec,NL,2024-08-27,2025-01-31,18812.35,17883.99,0.18801,60,55,485.94,820,0.74,Current
L100491,Mortgage,IT,2024-05-25,2025-01-31,157308.22,159056.78,0.04902,300,292,910.68,667,0.599,Current
L100492,Consumer_Unsec,UK,2023-12-14,2025-01-31,23504.51,17394.29,0.02,60,47,411.98,663,0.538,Current
L100493,Consumer_Unsec,ES,2023-05-13,2025-01-31,54508.66,32625.06,0.16859,48,28,1568.88,736,0.805,Current
L100494,SME,ES,2022-02-19,2025-01-31,28543.74,11660.54,0.14295,60,25,668.54,739,0.722,Current
L100495,Mortgage,FR,2022-08-13,2025-01-31,97859.48,87632.33,0.02504,240,210,518.76,658,0.838,Current
L100496,Consumer_Unsec,UK,2021-06-20,2025-01-31,9218.63,251.53,0.19818,36,1,341.74,666,0.695,Current
L100497,Consumer_Unsec,NL,2022-06-20,2025-01-31,14792.47,4829.75,0.04798,48,17,339.31,722,0.531,Current
L100498,Consumer_Unsec,IT,2024-08-17,2025-01-31,17216.44,14391.1,0.17783,60,55,435.15,640,0.816,Current
L100499,Auto,ES,2022-09-02,2025-01-31,17712.74,9550.43,0.08483,60,31,363.26,665,0.656,Current
L100500,Auto,IT,2021-06-12,2025-01-31,28745.09,7388.41,0.038,60,16,526.79,695,0.741,60dpd
L100501,Consumer_Unsec,IT,2023-07-22,2025-01-31,8883.11,5288.66,0.16061,48,30,252.03,750,0.622,60dpd
L100502,Consumer_Unsec,DE,2024-10-08,2025-01-31,15368.98,13737.64,0.18528,48,45,455.71,654,0.897,Current
L100503,Auto,FR,2024-05-25,2025-01-31,83302.59,61994.54,0.09228,36,28,2657.84,579,0.595,Current
L100504,Mortgage,DE,2022-01-27,2025-01-31,251922.45,223074.08,0.05085,240,204,1674.4,575,0.66,Current
L100505,Auto,IT,2022-10-12,2025-01-31,47720.24,18082.11,0.07677,48,20,1157.76,614,0.713,Current
L100506,Auto,UK,2023-01-30,2025-01-31,24796.94,7586.7,0.04777,36,12,740.71,611,0.569,Current
L100507,Consumer_Unsec,DE,2021-12-21,2025-01-31,11558.23,326.98,0.16922,36,1,411.63,681,0.74,Current
L100508,Consumer_Unsec,IT,2022-01-20,2025-01-31,14378.14,5650.1,0.20624,60,24,385.94,619,0.893,Current
L100509,Consumer_Unsec,UK,2021-12-05,2025-01-31,26271.36,5031.41,0.18454,48,10,777.96,648,0.641,60dpd
L100510,SME,NL,2024-11-23,2025-01-31,130106.61,112861.45,0.0453,48,46,2968.66,644,0.747,Current
L100511,Mortgage,DE,2023-12-03,2025-01-31,331440.97,291393.99,0.02985,240,226,1835.69,664,0.37,Current
L100512,Mortgage,IT,2024-04-17,2025-01-31,285426.53,257998.34,0.03654,240,231,1678.04,769,0.695,Current
L100513,Mortgage,IT,2024-03-13,2025-01-31,134490.22,116272.59,0.02907,240,230,739.64,730,0.662,Current
L100514,Mortgage,UK,2024-10-03,2025-01-31,204516.82,187516.02,0.04544,240,236,1298.76,691,0.602,Current
L100515,Mortgage,NL,2021-05-31,2025-01-31,169086.3,145837.75,0.04893,300,256,977.99,662,0.83,Current
L100516,Consumer_Unsec,UK,2024-06-14,2025-01-31,24085.03,19951.19,0.09494,36,29,771.45,664,0.661,Default
L100517,Consumer_Unsec,FR,2021-04-06,2025-01-31,82489.01,19916.0,0.1722,60,14,2059.83,710,0.679,Current
L100518,Consumer_Unsec,ES,2022-11-11,2025-01-31,10207.72,2445.99,0.16604,36,9,361.92,725,0.655,Current
L100519,Auto,NL,2023-05-01,2025-01-31,37832.78,20172.46,0.07404,48,27,913.06,636,0.47,Current
L100520,Consumer_Unsec,UK,2022-05-27,2025-01-31,52389.52,6111.99,0.13896,36,4,1787.91,692,0.564,Current
L100521,SME,UK,2021-07-29,2025-01-31,36039.54,10978.38,0.04625,60,18,673.94,568,0.815,Current
L100522,Auto,ES,2021-10-02,2025-01-31,30210.43,822.9,0.07835,36,1,944.39,703,0.447,Current
L100523,Auto,FR,2024-03-25,2025-01-31,32177.81,25158.11,0.08515,60,50,660.41,736,0.608,Current
L100524,Consumer_Unsec,DE,2022-04-01,2025-01-31,23794.05,6580.41,0.15091,48,14,663.3,673,0.652,Current
L100525,Consumer_Unsec,UK,2022-03-20,2025-01-31,11183.82,4736.33,0.15826,60,26,270.94,799,0.909,Current
L100526,Consumer_Unsec,UK,2024-08-13,2025-01-31,37324.58,31539.98,0.15355,36,31,1300.36,637,0.792,Current
L100527,Mortgage,NL,2021-07-25,2025-01-31,291082.2,201304.6,0.04236,180,138,2187.64,703,0.633,Current
L100528,Auto,UK,2024-08-01,2025-01-31,56931.84,52002.75,0.09072,48,42,1418.71,688,0.857,Current
L100529,SME,DE,2024-08-09,2025-01-31,50006.43,45213.11,0.12005,60,55,1112.49,684,0.611,Current
L100530,Consumer_Unsec,IT,2023-05-06,2025-01-31,28214.21,15685.98,0.14166,48,27,773.34,683,0.821,Current
L100531,Consumer_Unsec,UK,2021-08-25,2025-01-31,16404.45,4840.05,0.15612,60,19,395.55,696,0.537,Current
L100532,Consumer_Unsec,ES,2021-08-11,2025-01-31,22405.73,6820.85,0.13848,60,18,519.58,741,0.829,Current
L100533,SME,UK,2022-02-12,2025-01-31,263819.28,186629.13,0.07883,120,84,3184.58,773,0.651,Current
L100534,SME,NL,2023-04-06,2025-01-31,85071.27,42129.98,0.10807,48,26,2190.75,690,0.577,Current
L100535,Consumer_Unsec,ES,2021-08-08,2025-01-31,14000.67,4155.05,0.12557,60,18,315.39,739,0.674,Current
L100536,Mortgage,IT,2022-10-14,2025-01-31,222812.85,201760.23,0.04886,300,272,1287.8,648,0.733,90dpd
L100537,Consumer_Unsec,UK,2021-06-15,2025-01-31,12791.19,3497.4,0.14599,60,16,301.62,736,0.641,Current
L100538,Mortgage,FR,2023-02-12,2025-01-31,104343.9,90929.31,0.04196,360,337,510.02,644,0.766,Current
L100539,Consumer_Unsec,NL,2021-01-31,2025-01-31,15174.66,3130.97,0.13352,60,12,348.01,755,0.63,Current
L100540,Consumer_Unsec,UK,2023-10-11,2025-01-31,21070.51,15316.5,0.12722,60,45,476.42,820,0.774,Current
L100541,SME,UK,2021-03-21,2025-01-31,135123.6,54428.6,0.05385,84,37,1934.4,683,0.753,Current
L100542,Consumer_Unsec,UK,2021-10-06,2025-01-31,36979.5,940.76,0.1584,36,1,1297.17,558,0.693,Current
L100543,Consumer_Unsec,IT,2021-09-07,2025-01-31,35869.67,10559.88,0.1531,60,19,859.19,657,0.647,Current
L100544,Consumer_Unsec,ES,2024-04-03,2025-01-31,14699.83,10967.2,0.17474,48,38,427.78,764,0.718,Current
L100545,Consumer_Unsec,FR,2021-03-18,2025-01-31,19975.81,4217.56,0.1264,60,13,450.84,723,0.766,Current
L100546,SME,ES,2022-09-06,2025-01-31,93733.68,62128.91,0.14238,84,55,1768.94,705,0.947,Current
L100547,Mortgage,FR,2023-04-26,2025-01-31,142818.08,117073.86,0.0412,180,159,1065.04,751,0.813,30dpd
L100548,Mortgage,DE,2023-01-08,2025-01-31,173130.6,156374.59,0.03625,180,155,1248.33,719,0.817,Current
L100549,Consumer_Unsec,DE,2023-09-01,2025-01-31,34294.74,16728.53,0.11022,36,19,1123.12,763,0.97,Current
L100550,Auto,FR,2024-02-23,2025-01-31,35531.63,27112.52,0.05032,48,37,818.79,745,0.762,Current
L100551,Consumer_Unsec,UK,2022-07-17,2025-01-31,30464.97,5277.25,0.19864,36,6,1130.08,781,0.758,Current
L100552,Consumer_Unsec,IT,2024-03-30,2025-01-31,64602.0,55174.21,0.19299,60,50,1686.45,712,0.784,Current
L100553,Consumer_Unsec,NL,2022-03-31,2025-01-31,24476.72,7118.94,0.16603,48,14,701.25,744,0.579,Current
L100554,Mortgage,UK,2024-11-08,2025-01-31,385979.25,386646.11,0.03604,360,358,1755.69,672,0.647,Current
L100555,Mortgage,FR,2022-12-23,2025-01-31,274458.82,226231.98,0.06311,240,215,2015.91,654,0.639,Current
L100556,SME,UK,2023-11-19,2025-01-31,36012.78,24888.84,0.08621,60,46,740.95,792,0.778,Current
L100557,Auto,IT,2024-06-05,2025-01-31,23478.21,17623.93,0.07962,36,28,735.31,703,0.679,Current
L100558,Auto,IT,2024-02-08,2025-01-31,27215.06,20301.51,0.11375,60,49,596.82,738,0.717,Current
L100559,Auto,IT,2024-05-02,2025-01-31,26899.01,19239.44,0.09818,36,27,865.66,697,0.83,Current
L100560,Auto,UK,2023-02-07,2025-01-31,40959.71,12746.13,0.12902,36,12,1378.17,655,0.804,Current
L100561,Consumer_Unsec,UK,2021-03-04,2025-01-31,37724.09,1087.14,0.15371,36,1,1314.57,691,0.681,Current
L100562,Consumer_Unsec,UK,2022-12-07,2025-01-31,53655.39,31377.93,0.1311,60,34,1223.86,776,0.62,Current
L100563,Consumer_Unsec,UK,2021-09-17,2025-01-31,31872.42,905.57,0.12359,36,1,1064.09,723,0.836,Current
L100564,Mortgage,UK,2024-06-25,2025-01-31,157909.8,155318.95,0.02653,300,293,720.64,587,0.793,Current
L100565,Auto,UK,2021-12-05,2025-01-31,13694.8,4635.33,0.07943,60,22,277.31,677,0.507,Current
L100566,Mortgage,IT,2021-11-23,2025-01-31,209761.65,170219.33,0.05645,360,322,1210.1,797,0.662,Current
L100567,Consumer_Unsec,UK,2021-12-23,2025-01-31,27287.22,756.53,0.16596,36,1,967.39,677,0.72,Current
L100568,Auto,UK,2023-07-08,2025-01-31,47601.26,22396.07,0.08541,36,17,1503.55,582,0.793,Current
L100569,Consumer_Unsec,NL,2023-03-28,2025-01-31,85684.92,44343.29,0.11018,48,26,2215.31,804,0.809,Current
L100570,Consumer_Unsec,FR,2024-09-18,2025-01-31,53227.37,45936.55,0.15294,36,32,1852.82,731,0.734,30dpd
L100571,Consumer_Unsec,NL,2022-08-19,2025-01-31,41430.95,20836.0,0.18045,60,31,1053.08,686,0.77,Current
L100572,Consumer_Unsec,FR,2022-02-08,2025-01-31,15848.93,3708.61,0.16008,48,12,449.22,668,0.708,Current
L100573,Mortgage,IT,2021-03-12,2025-01-31,152170.35,115899.99,0.04667,240,193,976.45,755,0.619,90dpd
L100574,Consumer_Unsec,FR,2021-01-11,2025-01-31,25535.77,682.91,0.11711,36,1,844.63,657,0.669,Current
L100575,Auto,FR,2022-06-19,2025-01-31,28100.14,9857.36,0.10234,48,17,715.86,759,0.702,Current
L100576,Auto,ES,2024-08-16,2025-01-31,56684.67,50928.91,0.02236,36,31,1629.45,723,0.696,Current
L100577,Consumer_Unsec,DE,2023-01-19,2025-01-31,32738.27,19265.28,0.1584,60,36,793.35,705,0.474,Current
L100578,Auto,UK,2024-07-01,2025-01-31,23657.47,19241.78,0.13641,36,29,804.43,699,0.652,Current
L100579,Consumer_Unsec,DE,2021-05-26,2025-01-31,51961.02,14147.95,0.09221,60,16,1084.2,680,0.707,60dpd
L100580,Mortgage,UK,2021-05-14,2025-01-31,213453.38,166380.99,0.04259,300,255,1157.39,753,0.666,Current
L100581,SME,NL,2024-04-06,2025-01-31,31182.84,22475.19,0.0948,36,26,998.59,638,0.67,Current
L100582,SME,UK,2021-06-02,2025-01-31,78462.3,2119.17,0.08344,36,1,2471.18,593,0.759,Current
L100583,Auto,UK,2021-03-16,2025-01-31,50245.04,1031.98,0.10573,48,1,1288.21,727,0.571,Current
L100584,Consumer_Unsec,UK,2022-08-01,2025-01-31,45937.44,6934.74,0.16154,36,6,1618.51,728,0.505,Current
L100585,Mortgage,NL,2024-08-15,2025-01-31,167592.52,169997.55,0.04652,240,235,1074.1,719,0.658,Current
L100586,Consumer_Unsec,UK,2023-09-13,2025-01-31,42419.61,32442.78,0.1729,60,44,1060.87,714,0.792,Current
L100587,Consumer_Unsec,ES,2021-05-22,2025-01-31,29819.81,6713.35,0.14559,60,15,702.52,671,0.903,Current
L100588,Consumer_Unsec,NL,2024-04-12,2025-01-31,13052.3,9122.76,0.2563,36,27,523.31,737,0.794,Current
L100589,SME,UK,2024-04-21,2025-01-31,37059.15,29201.67,0.09878,60,51,785.18,687,0.524,Current
L100590,Auto,ES,2024-02-19,2025-01-31,79810.59,56377.07,0.08891,36,25,2533.89,661,0.672,Current
L100591,SME,UK,2024-07-14,2025-01-31,155811.72,146498.29,0.05224,120,114,1669.72,671,0.731,Current
L100592,SME,UK,2021-12-10,2025-01-31,96395.28,2481.11,0.08141,36,1,3026.97,811,0.721,Current
L100593,Consumer_Unsec,ES,2024-11-01,2025-01-31,61245.07,59468.4,0.18516,60,57,1572.46,586,0.765,Current
L100594,Mortgage,IT,2022-04-04,2025-01-31,360785.32,311362.66,0.03165,360,326,1553.29,720,0.59,Current
L100595,Consumer_Unsec,UK,2024-02-21,2025-01-31,39182.9,26370.32,0.06949,36,25,1208.93,589,0.708,Current
L100596,Auto,FR,2023-04-09,2025-01-31,26076.3,9715.84,0.08565,36,14,823.95,684,0.75,Current
L100597,Consumer_Unsec,UK,2024-01-20,2025-01-31,69723.02,51152.66,0.19298,48,36,2095.69,664,0.799,Current
L100598,Mortgage,FR,2023-06-17,2025-01-31,270998.55,249513.85,0.04542,360,341,1379.94,565,0.603,Current
L100599,Consumer_Unsec,FR,2023-07-08,2025-01-31,21759.13,12372.98,0.13324,48,29,587.24,713,0.659,Current
L100600,Consumer_Unsec,FR,2023-06-01,2025-01-31,18628.57,11968.03,0.07995,60,40,377.68,667,0.376,Current
L100601,Auto,FR,2024-01-19,2025-01-31,49574.64,41097.4,0.09405,60,48,1038.85,564,0.625,Current
L100602,Consumer_Unsec,UK,2023-11-23,2025-01-31,10731.27,8025.2,0.16814,60,46,265.63,740,0.637,Current
L100603,Consumer_Unsec,ES,2021-07-12,2025-01-31,39530.2,4271.97,0.08264,48,5,969.95,776,0.578,Current
L100604,Auto,ES,2024-03-27,2025-01-31,25477.22,19816.88,0.10769,48,38,655.62,779,0.72,Current
L100605,Consumer_Unsec,ES,2023-02-06,2025-01-31,32985.87,20094.78,0.1718,60,36,822.98,712,0.693,Current
L100606,Mortgage,UK,2022-04-08,2025-01-31,151450.12,122720.01,0.05632,240,206,1053.16,693,0.429,Current
L100607,Consumer_Unsec,DE,2023-01-06,2025-01-31,23261.84,13821.28,0.16542,60,35,572.41,770,0.726,Current
L100608,SME,DE,2024-10-14,2025-01-31,53226.51,45846.35,0.11134,36,33,1745.95,791,0.589,30dpd
L100609,Auto,UK,2024-05-11,2025-01-31,39392.37,27664.51,0.09541,36,28,1262.62,758,0.758,Current
L100610,Auto,UK,2024-04-07,2025-01-31,121681.52,95579.97,0.10237,60,51,2599.58,634,0.546,Current
L100611,Auto,DE,2022-10-24,2025-01-31,92206.54,36437.35,0.04862,48,21,2117.71,702,0.704,Current
L100612,Auto,ES,2024-01-27,2025-01-31,52311.26,36340.96,0.05498,36,24,1579.54,716,0.666,Current
L100613,Mortgage,UK,2022-07-05,2025-01-31,198986.25,172951.65,0.03764,180,149,1448.45,581,0.736,Current
L100614,Consumer_Unsec,NL,2023-09-09,2025-01-31,42800.74,28038.38,0.14046,48,31,1170.57,718,0.715,Current
L100615,Consumer_Unsec,FR,2023-07-04,2025-01-31,50085.34,31357.59,0.15858,60,41,1214.22,820,0.669,Current
L100616,Auto,ES,2021-12-24,2025-01-31,27271.66,783.94,0.09149,36,1,869.13,728,0.516,Current
L100617,SME,DE,2022-01-17,2025-01-31,77344.2,2173.3,0.12293,36,1,2579.76,778,0.523,Current
L100618,Consumer_Unsec,DE,2021-03-29,2025-01-31,9876.59,390.88,0.1852,48,2,292.81,701,0.63,Current
L100619,Consumer_Unsec,FR,2021-07-19,2025-01-31,49896.5,13788.74,0.11447,60,17,1096.02,686,0.699,Current
L100620,Mortgage,IT,2022-09-13,2025-01-31,628233.0,551914.95,0.04739,240,211,4055.87,713,0.627,Current
L100621,SME,DE,2022-11-15,2025-01-31,84343.89,59700.79,0.0738,120,94,995.92,641,0.775,Current
L100622,Mortgage,FR,2021-08-25,2025-01-31,62701.95,54184.71,0.04312,360,319,310.73,632,0.666,Current
L100623,Auto,FR,2022-08-20,2025-01-31,60167.86,11814.65,0.09144,36,7,1917.35,766,0.584,Current
L100624,Auto,ES,2023-05-14,2025-01-31,26180.1,16200.84,0.02,60,40,458.88,772,0.667,90dpd
L100625,Consumer_Unsec,UK,2021-11-29,2025-01-31,18679.05,6620.01,0.22939,60,22,525.92,631,0.727,Current
L100626,Mortgage,FR,2022-04-29,2025-01-31,284793.6,240692.2,0.05066,240,207,1889.98,748,0.739,Current
L100627,Consumer_Unsec,DE,2022-06-10,2025-01-31,30946.18,10422.0,0.12415,48,16,821.25,685,0.925,Current
L100628,SME,IT,2022-12-24,2025-01-31,61707.0,45277.82,0.14318,84,59,1167.27,710,0.62,Current
L100629,Consumer_Unsec,DE,2022-06-08,2025-01-31,18820.78,9022.29,0.13284,60,28,430.97,718,0.691,Current
L100630,Auto,DE,2023-11-20,2025-01-31,46129.76,35126.64,0.08765,60,46,952.33,750,0.751,Current
L100631,SME,IT,2022-04-14,2025-01-31,64434.6,45603.03,0.08282,120,86,791.41,695,0.697,Current
L100632,Auto,DE,2022-09-13,2025-01-31,23386.7,9169.09,0.11804,48,19,613.61,775,0.64,Current
L100633,Mortgage,UK,2022-06-27,2025-01-31,168046.05,150776.78,0.04395,360,329,841.01,709,0.514,Current
L100634,Consumer_Unsec,UK,2021-09-19,2025-01-31,32427.95,9333.4,0.15023,60,19,771.85,727,0.639,Current
L100635,Auto,UK,2023-09-08,2025-01-31,39028.48,20696.09,0.10908,36,19,1276.03,640,0.571,Current
L100636,Consumer_Unsec,UK,2021-12-03,2025-01-31,12364.32,346.01,0.16548,36,1,438.05,820,0.493,Current
L100637,Consumer_Unsec,DE,2022-03-01,2025-01-31,46350.42,12262.91,0.1431,48,13,1273.81,718,0.605,Current
L100638,Consumer_Unsec,ES,2024-02-08,2025-01-31,5964.94,5020.23,0.18386,60,49,152.73,733,0.574,Current
L100639,Consumer_Unsec,ES,2024-09-18,2025-01-31,21046.7,19309.51,0.23385,48,44,679.02,594,0.77,Current
L100640,Consumer_Unsec,UK,2023-08-18,2025-01-31,19127.66,13083.06,0.15611,60,43,461.2,641,0.772,Current
L100641,Auto,FR,2024-08-03,2025-01-31,46700.11,35140.05,0.08734,36,30,1479.27,764,0.592,Current
L100642,Auto,UK,2024-05-06,2025-01-31,58625.07,43292.29,0.08841,48,39,1454.47,707,0.669,Current
L100643,Auto,IT,2022-11-19,2025-01-31,79995.39,34932.88,0.11121,48,22,2072.22,575,0.477,Current
L100644,Consumer_Unsec,UK,2024-01-07,2025-01-31,18181.82,11259.73,0.12403,36,23,607.4,752,0.641,Current
L100645,Consumer_Unsec,FR,2022-04-15,2025-01-31,37146.33,14889.98,0.13526,60,26,855.23,657,0.748,Current
L100646,Consumer_Unsec,UK,2022-10-21,2025-01-31,29962.45,6954.28,0.09119,36,9,954.46,775,0.799,Current
L100647,SME,FR,2023-02-05,2025-01-31,31484.97,23538.96,0.0654,120,96,358.15,685,0.614,Current
L100648,Mortgage,DE,2024-10-05,2025-01-31,573894.08,576398.29,0.03982,240,237,3472.3,702,0.826,Current
L100649,Consumer_Unsec,ES,2024-04-28,2025-01-31,12193.69,10527.29,0.14304,60,51,285.65,761,0.518,Current
L100650,Auto,UK,2022-12-01,2025-01-31,54215.78,23791.35,0.12038,48,22,1428.73,636,0.55,Current
L100651,Consumer_Unsec,IT,2023-07-23,2025-01-31,33338.83,15433.46,0.16376,36,18,1178.29,630,0.785,Current
L100652,Consumer_Unsec,FR,2021-10-17,2025-01-31,31307.1,797.15,0.11308,36,1,1029.52,678,0.901,Current
L100653,Consumer_Unsec,ES,2024-02-25,2025-01-31,20495.95,12995.99,0.11952,36,25,680.29,740,0.759,Current
L100654,Consumer_Unsec,NL,2023-03-02,2025-01-31,42403.62,21172.92,0.19312,48,25,1274.86,610,0.695,Current
L100655,Auto,IT,2023-02-01,2025-01-31,18247.82,9928.62,0.10753,60,36,394.51,590,0.437,Current
L100656,Mortgage,UK,2024-01-01,2025-01-31,194599.2,174863.82,0.04528,240,227,1234.09,739,0.457,Current
L100657,Consumer_Unsec,UK,2023-06-25,2025-01-31,19729.47,12447.1,0.12951,48,29,528.81,654,0.716,90dpd
L100658,Auto,UK,2021-04-14,2025-01-31,29658.08,1206.25,0.1075,48,2,762.93,666,0.657,Current
L100659,SME,UK,2022-02-17,2025-01-31,102173.1,43568.17,0.07017,60,25,2023.95,579,0.567,Current
L100660,Mortgage,FR,2021-09-10,2025-01-31,364950.22,289675.57,0.04892,300,259,2110.57,649,0.708,Current
L100661,Auto,IT,2023-11-17,2025-01-31,35639.62,23735.39,0.13045,48,34,956.92,690,0.714,Current
L100662,Consumer_Unsec,IT,2021-02-20,2025-01-31,41331.27,8613.29,0.15219,60,12,988.02,746,0.813,Current
L100663,Auto,FR,2021-10-17,2025-01-31,44238.96,18826.78,0.06949,72,32,753.14,644,0.716,Current
L100664,Consumer_Unsec,FR,2023-05-05,2025-01-31,16465.08,9236.24,0.15936,48,27,466.09,789,0.847,Current
L100665,Mortgage,NL,2023-09-21,2025-01-31,175085.48,166927.2,0.0403,180,164,1297.72,649,0.701,Current
L100666,Consumer_Unsec,IT,2022-12-21,2025-01-31,22817.49,6850.82,0.09621,36,11,732.2,649,0.686,Current
L100667,Auto,UK,2024-05-15,2025-01-31,29343.92,23127.95,0.09902,48,40,742.86,782,0.828,Current
L100668,Consumer_Unsec,FR,2024-08-07,2025-01-31,34052.73,29889.12,0.18412,48,43,1007.65,703,0.583,Current
L100669,Consumer_Unsec,NL,2021-07-08,2025-01-31,30609.18,7876.42,0.13412,60,17,702.92,657,0.97,Current
L100670,Mortgage,UK,2024-09-24,2025-01-31,84123.9,76101.07,0.04123,300,296,449.76,681,0.745,Current
L100671,Auto,DE,2023-05-29,2025-01-31,17355.49,9122.52,0.06577,48,28,412.2,771,0.746,Current
L100672,Consumer_Unsec,IT,2023-06-29,2025-01-31,33981.67,23978.54,0.13975,60,41,790.26,778,0.763,Current
L100673,Mortgage,IT,2021-05-16,2025-01-31,128861.78,104772.66,0.03938,240,195,776.65,641,0.925,Current
L100674,Mortgage,IT,2023-06-09,2025-01-31,238238.02,212571.06,0.03489,360,340,1068.33,687,0.795,Current
L100675,Consumer_Unsec,NL,2023-11-04,2025-01-31,41336.96,22501.84,0.21123,36,21,1559.98,695,0.507,30dpd
L100676,Auto,UK,2023-04-11,2025-01-31,21396.43,11618.26,0.09433,48,26,536.86,631,0.868,Current
L100677,Auto,UK,2021-05-01,2025-01-31,19804.37,7708.33,0.09645,72,27,363.36,687,0.659,Current
L100678,Auto,FR,2023-01-19,2025-01-31,108113.95,61292.23,0.10267,60,36,2311.32,690,0.713,Current
L100679,Consumer_Unsec,FR,2024-08-31,2025-01-31,32642.29,28373.15,0.17199,60,55,814.74,758,0.546,Current
L100680,Consumer_Unsec,FR,2023-11-01,2025-01-31,21363.04,15100.33,0.13054,48,33,573.69,762,0.763,Current
L100681,Mortgage,FR,2021-07-16,2025-01-31,120720.83,109916.32,0.04773,360,317,631.38,670,0.622,Current
L100682,Mortgage,DE,2024-10-04,2025-01-31,152384.25,156458.16,0.04231,300,297,823.9,677,0.712,Current
L100683,SME,ES,2024-10-03,2025-01-31,41931.72,36943.59,0.10596,60,56,903.27,730,0.666,Current
L100684,Mortgage,UK,2021-08-31,2025-01-31,328003.57,232533.61,0.04842,180,139,2566.86,655,0.931,30dpd
L100685,SME,UK,2024-02-20,2025-01-31,52648.83,39203.62,0.08543,48,37,1298.78,725,0.938,Current
L100686,SME,UK,2022-08-05,2025-01-31,147274.92,69540.62,0.06177,60,30,2859.36,685,0.706,Current
L100687,SME,UK,2023-04-29,2025-01-31,64748.55,27857.52,0.09866,36,15,2085.17,632,0.708,Current
L100688,Auto,NL,2022-09-29,2025-01-31,24249.74,11710.95,0.08091,60,32,492.76,633,0.655,Current
L100689,Auto,DE,2024-01-25,2025-01-31,34048.38,27104.75,0.04719,60,48,638.16,777,0.833,Current
L100690,Consumer_Unsec,UK,2024-11-26,2025-01-31,6353.16,6362.03,0.16277,60,58,155.43,681,0.661,Current
L100691,Auto,ES,2024-02-12,2025-01-31,40278.82,29272.09,0.10431,36,25,1307.84,788,0.649,Current
L100692,Consumer_Unsec,FR,2024-08-24,2025-01-31,24500.15,22402.76,0.23349,60,55,695.6,659,0.817,Current
L100693,Consumer_Unsec,UK,2024-09-14,2025-01-31,42345.12,39239.38,0.13131,36,32,1429.44,707,0.635,Current
L100694,Auto,UK,2021-05-09,2025-01-31,15253.07,868.8,0.07423,48,3,368.25,820,0.695,Current
L100695,Consumer_Unsec,UK,2021-12-29,2025-01-31,50971.73,18638.25,0.10617,60,23,1098.54,627,0.51,90dpd
L100696,Consumer_Unsec,ES,2023-10-30,2025-01-31,42248.73,22212.8,0.1523,36,21,1469.33,576,0.785,Current
L100697,SME,UK,2023-04-24,2025-01-31,160690.62,70113.17,0.10006,36,15,5185.47,767,0.933,Current
L100698,Mortgage,UK,2021-03-13,2025-01-31,196007.1,149955.66,0.03689,180,133,1419.45,640,0.787,Current
L100699,Consumer_Unsec,UK,2021-05-16,2025-01-31,46987.8,2655.42,0.13888,48,3,1281.37,689,0.875,Current
L100700,Consumer_Unsec,FR,2023-01-15,2025-01-31,11977.87,6487.6,0.07575,60,36,240.44,655,0.598,Current
L100701,Consumer_Unsec,UK,2023-06-01,2025-01-31,39822.05,16903.05,0.17742,36,16,1434.52,706,0.728,Current
L100702,SME,NL,2021-08-28,2025-01-31,52810.89,1377.16,0.07573,36,1,1644.53,633,0.587,Current
L100703,SME,UK,2021-09-02,2025-01-31,32543.76,10584.18,0.09413,60,19,682.1,679,0.673,Current
L100704,Consumer_Unsec,FR,2021-07-04,2025-01-31,14497.37,372.13,0.09507,36,1,464.44,717,0.793,Current
L100705,SME,DE,2023-03-19,2025-01-31,80955.45,60864.08,0.08044,84,62,1263.57,630,0.712,Current
L100706,Consumer_Unsec,DE,2021-01-12,2025-01-31,17096.61,3081.62,0.13521,60,11,393.58,648,0.53,Current
L100707,Consumer_Unsec,UK,2023-03-30,2025-01-31,33085.17,20044.72,0.1446,60,38,777.76,669,0.542,Current
L100708,Mortgage,NL,2022-11-12,2025-01-31,74635.58,63643.15,0.0498,360,333,399.74,604,0.534,Current
L100709,Consumer_Unsec,IT,2022-10-29,2025-01-31,8350.66,3834.82,0.19537,48,21,252.06,665,0.759,Current
L100710,Consumer_Unsec,UK,2023-08-30,2025-01-31,57228.83,40714.51,0.17064,60,43,1424.27,697,0.948,Current
L100711,Consumer_Unsec,UK,2023-01-18,2025-01-31,44226.97,14239.72,0.17868,36,12,1595.97,666,0.863,Current
L100712,Auto,IT,2023-11-07,2025-01-31,24170.56,13474.45,0.11392,36,21,795.81,674,0.472,Current
L100713,Mortgage,FR,2023-12-29,2025-01-31,201441.3,199622.69,0.0507,300,287,1185.8,689,0.871,Current
L100714,Mortgage,UK,2024-08-08,2025-01-31,353497.58,351644.24,0.04463,180,175,2697.61,651,0.812,Current
L100715,Consumer_Unsec,UK,2024-02-17,2025-01-31,33879.33,28267.91,0.18032,60,49,860.9,731,0.515,Current
L100716,Consumer_Unsec,ES,2023-01-11,2025-01-31,29188.28,16897.6,0.18256,60,35,745.25,776,0.664,Current
L100717,SME,ES,2022-12-05,2025-01-31,147406.17,119300.96,0.11121,120,94,2040.66,662,0.831,Current
L100718,Consumer_Unsec,FR,2021-12-04,2025-01-31,17999.66,3543.28,0.09409,48,10,451.42,719,0.766,Current
L100719,Mortgage,IT,2023-05-08,2025-01-31,205263.75,188343.81,0.03659,240,219,1207.24,676,0.543,Current
L100720,Auto,DE,2021-07-18,2025-01-31,42624.61,11601.95,0.0795,60,17,863.26,712,0.773,Current
L100721,Consumer_Unsec,UK,2024-08-24,2025-01-31,23155.34,19739.92,0.17229,36,31,828.19,784,0.443,Current
L100722,SME,DE,2024-04-23,2025-01-31,65135.13,58117.76,0.09447,60,51,1366.26,721,0.673,Current
L100723,Consumer_Unsec,DE,2021-06-21,2025-01-31,28003.3,7823.59,0.18479,60,16,718.42,584,0.837,Current
L100724,Consumer_Unsec,UK,2024-01-29,2025-01-31,27417.15,21426.89,0.19103,60,48,712.78,717,0.702,Current
L100725,Auto,UK,2021-06-17,2025-01-31,24182.11,6358.8,0.10898,60,16,524.55,764,0.64,Current
L100726,Auto,DE,2023-10-29,2025-01-31,66902.48,40376.69,0.10911,36,21,2187.49,677,0.807,Current
L100727,Auto,ES,2021-05-06,2025-01-31,25159.52,1647.71,0.06426,48,3,595.8,750,0.817,Current
L100728,Auto,UK,2022-11-30,2025-01-31,38176.5,17791.37,0.09465,48,22,958.48,649,0.857,Current
L100729,Mortgage,DE,2023-07-30,2025-01-31,171527.48,140446.68,0.03892,180,162,1259.55,601,0.805,60dpd
L100730,Mortgage,FR,2023-11-09,2025-01-31,245698.42,219426.59,0.02851,240,226,1344.38,698,0.83,Current
L100731,Auto,FR,2022-08-22,2025-01-31,13419.94,2699.42,0.07925,36,7,420.07,585,0.788,Current
L100732,Consumer_Unsec,NL,2024-08-10,2025-01-31,43914.52,38392.07,0.19137,36,31,1612.77,676,0.732,Current
L100733,SME,NL,2024-01-13,2025-01-31,55618.29,44998.98,0.10652,60,48,1199.64,767,0.711,Current
L100734,Mortgage,ES,2021-10-25,2025-01-31,394700.62,309240.43,0.06518,180,141,3442.13,575,0.672,Current
L100735,Consumer_Unsec,UK,2023-08-18,2025-01-31,20681.8,12853.3,0.1512,48,31,576.85,613,0.555,Current
L100736,Auto,DE,2023-11-11,2025-01-31,41904.13,24596.21,0.13396,36,22,1419.91,628,0.585,Current
L100737,Consumer_Unsec,FR,2022-04-23,2025-01-31,77078.71,35425.6,0.15121,60,27,1838.61,686,0.666,Current
L100738,Consumer_Unsec,UK,2023-11-22,2025-01-31,23097.14,13325.43,0.14579,36,22,795.91,668,0.729,Current
L100739,Auto,UK,2024-07-08,2025-01-31,85082.03,76782.47,0.05941,60,54,1642.55,774,0.873,Current
L100740,Consumer_Unsec,UK,2024-03-14,2025-01-31,27487.17,20029.15,0.18387,36,26,999.07,747,0.695,Current
L100741,SME,DE,2023-12-27,2025-01-31,101426.79,81571.01,0.08245,60,47,2068.47,720,0.82,60dpd
L100742,SME,DE,2023-06-27,2025-01-31,83875.56,48038.86,0.07882,48,29,2043.02,699,0.83,Current
L100743,SME,UK,2022-01-22,2025-01-31,128660.28,32528.0,0.12703,48,12,3432.7,714,0.672,30dpd
L100744,Consumer_Unsec,NL,2024-02-12,2025-01-31,18452.55,13028.66,0.18554,48,37,547.4,638,0.771,Current
L100745,Consumer_Unsec,IT,2022-06-05,2025-01-31,15658.56,6727.92,0.18462,60,28,401.57,741,0.671,Current
L100746,SME,UK,2023-02-01,2025-01-31,56805.9,43745.11,0.08595,120,96,707.19,623,0.859,Current
L100747,SME,IT,2022-03-26,2025-01-31,85259.34,22586.57,0.09373,48,14,2136.8,740,0.776,Current
L100748,Auto,UK,2022-03-24,2025-01-31,38122.24,2207.18,0.0838,36,2,1201.31,761,0.557,Current
L100749,Mortgage,IT,2021-08-14,2025-01-31,298210.28,265509.9,0.05283,300,258,1792.74,703,0.719,Current
L100750,Consumer_Unsec,IT,2024-10-06,2025-01-31,55138.44,46902.48,0.19937,48,45,1676.05,679,0.898,Current
L100751,Mortgage,UK,2021-07-31,2025-01-31,117970.72,99831.67,0.04868,240,198,769.99,714,0.678,Current
L100752,Consumer_Unsec,ES,2021-05-04,2025-01-31,17967.65,4385.59,0.21412,60,15,490.26,520,0.754,Current
L100753,Consumer_Unsec,IT,2024-08-31,2025-01-31,12210.71,10996.68,0.1764,48,43,356.4,708,0.766,Current
L100754,Auto,IT,2023-03-05,2025-01-31,131492.98,83766.44,0.0803,60,37,2668.12,683,0.576,Current
L100755,Consumer_Unsec,IT,2022-09-19,2025-01-31,31811.03,13076.27,0.174,48,20,924.51,687,0.761,90dpd
L100756,Consumer_Unsec,FR,2023-11-21,2025-01-31,35027.59,22763.02,0.20471,48,34,1074.71,732,0.533,Current
L100757,Consumer_Unsec,UK,2022-07-03,2025-01-31,12872.97,1609.81,0.21494,36,5,488.26,686,0.625,Current
L100758,Consumer_Unsec,NL,2021-07-02,2025-01-31,26885.88,7423.71,0.18654,60,17,692.33,622,0.829,Current
L100759,SME,FR,2023-11-10,2025-01-31,106798.44,68031.99,0.09564,36,22,3424.27,682,0.743,Current
L100760,Consumer_Unsec,FR,2021-09-09,2025-01-31,23411.51,7309.06,0.13742,60,19,541.61,694,0.663,90dpd
L100761,Auto,DE,2023-03-02,2025-01-31,77780.16,45851.16,0.09652,60,37,1639.32,697,0.754,Current
L100762,SME,FR,2024-09-19,2025-01-31,287828.31,247981.44,0.13685,84,80,5343.93,700,0.693,Current
L100763,Consumer_Unsec,UK,2024-08-31,2025-01-31,15980.36,14273.42,0.16018,36,31,561.97,752,0.702,Default
L100764,Consumer_Unsec,ES,2022-05-31,2025-01-31,15334.37,4851.15,0.16091,48,16,435.29,625,0.779,Current
L100765,Mortgage,UK,2024-01-21,2025-01-31,124509.45,118960.16,0.04551,240,228,791.17,701,0.613,Current
L100766,SME,ES,2023-05-27,2025-01-31,195247.23,130703.13,0.0868,60,40,4022.78,767,0.705,Current
L100767,Auto,NL,2022-11-17,2025-01-31,76366.48,45768.76,0.08176,72,46,1345.51,586,0.663,Current
L100768,SME,DE,2021-07-20,2025-01-31,74912.19,7097.67,0.09839,48,5,1894.16,701,0.51,Current
L100769,Consumer_Unsec,FR,2022-06-23,2025-01-31,27449.63,12706.78,0.20513,60,29,735.11,655,0.59,Current
L100770,Consumer_Unsec,UK,2023-07-22,2025-01-31,17169.69,8134.74,0.13661,36,18,584.0,668,0.888,Current
L100771,SME,IT,2024-11-11,2025-01-31,131679.63,126828.8,0.09632,48,46,3316.48,636,0.746,60dpd
L100772,Consumer_Unsec,ES,2021-01-07,2025-01-31,21830.3,620.32,0.11471,36,1,719.58,680,0.541,Default
L100773,SME,DE,2023-10-24,2025-01-31,69952.38,53632.08,0.11292,84,69,1208.51,800,0.515,Current
L100774,Auto,UK,2024-04-25,2025-01-31,60164.51,44186.38,0.11233,36,27,1976.36,614,0.687,Current
L100775,SME,UK,2024-09-22,2025-01-31,72781.35,60451.0,0.13561,48,44,1972.88,620,0.887,Current
L100776,Auto,DE,2022-08-30,2025-01-31,37826.77,18217.55,0.08907,60,31,783.51,612,0.678,Current
L100777,Consumer_Unsec,IT,2021-06-19,2025-01-31,27060.12,2287.18,0.1651,48,4,773.98,794,0.857,Current
L100778,Consumer_Unsec,ES,2022-01-23,2025-01-31,41666.2,1179.4,0.13963,36,1,1423.29,662,0.742,Current
L100779,Consumer_Unsec,UK,2024-05-01,2025-01-31,66540.84,50727.11,0.16348,36,27,2350.83,688,0.757,Current
L100780,SME,NL,2024-06-09,2025-01-31,111371.82,90641.78,0.10285,60,53,2381.97,666,0.54,Current
L100781,Consumer_Unsec,DE,2023-07-01,2025-01-31,41848.99,24845.22,0.14704,48,29,1158.42,633,0.813,Current
L100782,Consumer_Unsec,NL,2021-06-25,2025-01-31,24102.73,645.02,0.14982,36,1,835.32,676,0.66,Current
L100783,Consumer_Unsec,UK,2021-06-24,2025-01-31,18227.95,5416.22,0.16082,60,17,444.06,820,0.804,30dpd
L100784,Consumer_Unsec,FR,2022-11-15,2025-01-31,38549.27,10687.9,0.1347,36,10,1307.63,774,0.602,Current
L100785,SME,IT,2023-04-22,2025-01-31,88680.45,59964.14,0.08894,60,39,1836.29,639,0.721,Current
L100786,Consumer_Unsec,UK,2021-02-16,2025-01-31,12302.46,236.26,0.20476,48,1,377.49,729,0.742,Current
L100787,Mortgage,ES,2023-09-09,2025-01-31,168461.85,147613.62,0.07211,180,163,1534.08,640,0.682,Current
L100788,Consumer_Unsec,IT,2023-02-18,2025-01-31,25704.12,9428.15,0.10285,36,13,832.84,583,0.749,Current
L100789,Auto,UK,2021-01-18,2025-01-31,32508.34,862.54,0.05981,36,1,988.69,751,0.668,Current
L100790,Consumer_Unsec,UK,2021-05-17,2025-01-31,60776.26,1679.58,0.1115,36,1,1994.06,760,0.622,Current
L100791,Consumer_Unsec,ES,2022-10-12,2025-01-31,35028.3,14255.87,0.14138,48,20,959.64,753,0.893,Current
L100792,Mortgage,UK,2023-10-31,2025-01-31,429402.15,431587.74,0.05396,360,345,2410.09,662,0.826,Current
L100793,Mortgage,UK,2024-03-26,2025-01-31,233231.55,209991.52,0.05091,360,350,1265.08,680,0.609,Current
L100794,Mortgage,DE,2022-09-09,2025-01-31,211011.15,192990.61,0.04672,240,211,1354.63,735,0.768,Current
L100795,Consumer_Unsec,ES,2022-02-27,2025-01-31,16072.6,4179.9,0.16351,48,13,458.4,713,0.611,Current
L100796,Consumer_Unsec,UK,2024-10-16,2025-01-31,27080.28,24631.18,0.12078,48,45,714.16,666,0.558,Current
L100797,Auto,UK,2022-10-18,2025-01-31,43355.26,23351.56,0.08012,60,33,879.33,593,0.824,Current
L100798,Consumer_Unsec,NL,2022-03-28,2025-01-31,12683.88,662.24,0.1443,36,2,436.16,697,0.496,Current
L100799,SME,FR,2022-09-25,2025-01-31,59986.35,26107.77,0.05539,48,20,1396.15,755,0.811,Current
